candidate,signal_dt,entry_dt,exit_dt,side,entry,exit,stop,target,reason,r
B_l25_atr150_rr300,2013-11-12 08:00:00+00:00,2013-11-12 08:00:00+00:00,2013-11-13 09:00:00+00:00,1,99.688,99.41986971757069,99.41986971757069,100.49239084728792,SL,-1.0000000000000249
B_l25_atr150_rr300,2013-11-14 12:00:00+00:00,2013-11-14 12:00:00+00:00,2013-11-15 16:00:00+00:00,1,99.957,100.276,99.58991280717902,101.05826157846293,FRIDAY,0.8690033491731561
B_l25_atr150_rr300,2013-11-21 08:00:00+00:00,2013-11-21 08:00:00+00:00,2013-11-22 16:00:00+00:00,1,100.733,101.24,100.33606511134681,101.92380466595958,FRIDAY,1.2772875715718868
B_l25_atr150_rr300,2013-11-27 16:00:00+00:00,2013-11-27 16:00:00+00:00,2013-11-29 16:00:00+00:00,1,102.109,102.358,101.76177217040143,103.1506834887957,FRIDAY,0.7171084192412752
B_l25_atr150_rr300,2013-12-02 16:00:00+00:00,2013-12-02 16:00:00+00:00,2013-12-03 09:00:00+00:00,1,102.975,102.74250421912352,102.74250421912352,103.67248734262942,SL,-1.000000000000004
B_l25_atr150_rr300,2013-12-25 08:00:00+00:00,2013-12-25 08:00:00+00:00,2013-12-27 16:00:00+00:00,1,104.44,104.971,104.21834931818817,105.10495204543545,FRIDAY,2.3956614780496053
B_l25_atr150_rr300,2014-01-08 08:00:00+00:00,2014-01-08 08:00:00+00:00,2014-01-08 10:00:00+00:00,1,105.067,104.67950052357307,104.67950052357307,106.22949842928078,SL,-0.9999999999999906
B_l25_atr150_rr300,2014-01-15 16:00:00+00:00,2014-01-15 16:00:00+00:00,2014-01-17 16:00:00+00:00,1,104.477,104.267,104.0483860522394,105.76284184328185,FRIDAY,-0.489951391216261
B_l25_atr150_rr300,2014-04-01 16:00:00+00:00,2014-04-01 16:00:00+00:00,2014-04-04 15:00:00+00:00,1,103.52,103.52,103.26120481202861,104.29638556391414,BE,0.0
B_l25_atr150_rr300,2014-07-30 12:00:00+00:00,2014-07-30 12:00:00+00:00,2014-07-30 14:00:00+00:00,1,102.229,102.7592420610638,102.05225264631207,102.7592420610638,TP,3.000000000000017
B_l25_atr150_rr300,2014-08-19 16:00:00+00:00,2014-08-19 16:00:00+00:00,2014-08-20 18:00:00+00:00,1,102.861,103.54177604495054,102.63407465168316,103.54177604495054,TP,2.999999999999996
B_l25_atr150_rr300,2014-09-01 12:00:00+00:00,2014-09-01 12:00:00+00:00,2014-09-02 14:00:00+00:00,1,104.294,105.03325356879611,104.04758214373463,105.03325356879611,TP,3.00000000000001
B_l25_atr150_rr300,2014-09-02 16:00:00+00:00,2014-09-02 16:00:00+00:00,2014-09-03 19:00:00+00:00,1,105.108,104.8316601228058,104.8316601228058,105.93701963158263,SL,-0.9999999999999908
B_l25_atr150_rr300,2014-09-10 08:00:00+00:00,2014-09-10 08:00:00+00:00,2014-09-12 16:00:00+00:00,1,106.631,107.242,106.2020851404077,107.9177445787769,FRIDAY,1.424525139046905
B_l25_atr150_rr300,2014-09-29 08:00:00+00:00,2014-09-29 08:00:00+00:00,2014-10-01 19:00:00+00:00,1,109.613,109.12724837949203,109.12724837949203,111.07025486152392,SL,-0.9999999999999938
B_l25_atr150_rr300,2014-10-23 12:00:00+00:00,2014-10-23 12:00:00+00:00,2014-10-24 16:00:00+00:00,1,107.621,108.064,107.14751890988744,109.04144327033767,FRIDAY,0.9356234266814937
B_l25_atr150_rr300,2014-10-30 08:00:00+00:00,2014-10-30 08:00:00+00:00,2014-10-31 05:00:00+00:00,1,109.18,110.43377731466043,108.76207422844654,110.43377731466043,TP,3.0
B_l25_atr150_rr300,2014-10-31 12:00:00+00:00,2014-10-31 12:00:00+00:00,2014-10-31 16:00:00+00:00,1,111.594,112.093,110.87963393182943,113.73709820451167,FRIDAY,0.698521419526425
B_l25_atr150_rr300,2014-11-03 12:00:00+00:00,2014-11-03 12:00:00+00:00,2014-11-07 16:00:00+00:00,1,113.625,114.965,112.82563420366282,116.02309738901157,FRIDAY,1.6763289174243876
B_l25_atr150_rr300,2014-11-11 08:00:00+00:00,2014-11-11 08:00:00+00:00,2014-11-11 19:00:00+00:00,1,115.794,115.05042691033002,115.05042691033002,118.02471926900994,SL,-1.0000000000000002
B_l25_atr150_rr300,2014-11-14 08:00:00+00:00,2014-11-14 08:00:00+00:00,2014-11-14 16:00:00+00:00,1,116.294,116.491,115.61775933043202,118.32272200870392,FRIDAY,0.2913164038564234
B_l25_atr150_rr300,2014-11-19 08:00:00+00:00,2014-11-19 08:00:00+00:00,2014-11-21 02:00:00+00:00,1,117.373,117.373,116.72962118567493,119.30313644297524,BE,0.0
B_l25_atr150_rr300,2014-12-03 12:00:00+00:00,2014-12-03 12:00:00+00:00,2014-12-05 13:00:00+00:00,1,119.45,120.93562916987095,118.95479027670969,120.93562916987095,TP,2.9999999999999867
B_l25_atr150_rr300,2014-12-22 12:00:00+00:00,2014-12-22 12:00:00+00:00,2014-12-26 16:00:00+00:00,1,119.731,120.446,118.90335939862827,122.21392180411516,FRIDAY,0.8639015519719191
B_l25_atr150_rr300,2015-02-10 16:00:00+00:00,2015-02-10 16:00:00+00:00,2015-02-12 08:00:00+00:00,1,119.272,119.272,118.65523749312202,121.12228752063396,BE,0.0
B_l25_atr150_rr300,2015-02-24 12:00:00+00:00,2015-02-24 12:00:00+00:00,2015-02-24 15:00:00+00:00,1,119.538,119.0654034417568,119.0654034417568,120.95578967472957,SL,-1.0000000000000135
B_l25_atr150_rr300,2015-03-02 16:00:00+00:00,2015-03-02 16:00:00+00:00,2015-03-03 02:00:00+00:00,1,120.124,119.7078624128752,119.7078624128752,121.37241276137436,SL,-1.0000000000000138
B_l25_atr150_rr300,2015-04-07 16:00:00+00:00,2015-04-07 16:00:00+00:00,2015-04-08 04:00:00+00:00,1,120.376,119.91418106985004,119.91418106985004,121.76145679044987,SL,-1.0000000000000109
B_l25_atr150_rr300,2015-05-05 12:00:00+00:00,2015-05-05 12:00:00+00:00,2015-05-05 12:00:00+00:00,1,120.485,120.07951743132632,120.07951743132632,121.70144770602103,SL,-1.0000000000000033
B_l25_atr150_rr300,2015-05-27 16:00:00+00:00,2015-05-27 16:00:00+00:00,2015-05-29 16:00:00+00:00,1,123.768,123.979,123.22226236449852,125.40521290650446,FRIDAY,0.38663267158789205
B_l25_atr150_rr300,2015-06-17 16:00:00+00:00,2015-06-17 16:00:00+00:00,2015-06-17 18:00:00+00:00,1,124.254,123.7963596125468,123.7963596125468,125.62692116235962,SL,-1.000000000000006
B_l25_atr150_rr300,2015-06-24 16:00:00+00:00,2015-06-24 16:00:00+00:00,2015-06-24 17:00:00+00:00,1,124.245,123.76797945939474,123.76797945939474,125.67606162181579,SL,-1.0000000000000138
B_l25_atr150_rr300,2015-07-15 16:00:00+00:00,2015-07-15 16:00:00+00:00,2015-07-17 16:00:00+00:00,1,123.889,124.011,123.39042523824382,125.38472428526852,FRIDAY,0.24469750448311645
B_l25_atr150_rr300,2015-07-20 12:00:00+00:00,2015-07-20 12:00:00+00:00,2015-07-21 14:00:00+00:00,1,124.234,123.89554250697331,123.89554250697331,125.24937247908004,SL,-1.0000000000000022
B_l25_atr150_rr300,2015-07-30 12:00:00+00:00,2015-07-30 12:00:00+00:00,2015-07-31 00:00:00+00:00,1,124.374,123.99855676771574,123.99855676771574,125.50032969685277,SL,-0.9999999999999833
B_l25_atr150_rr300,2015-11-04 16:00:00+00:00,2015-11-04 16:00:00+00:00,2015-11-06 13:00:00+00:00,1,121.614,123.00890109481006,121.14903296839665,123.00890109481006,TP,2.9999999999999956
B_l25_atr150_rr300,2015-11-17 16:00:00+00:00,2015-11-17 16:00:00+00:00,2015-11-19 11:00:00+00:00,1,123.443,123.0426658343702,123.0426658343702,124.6440024968894,SL,-0.9999999999999961
B_l25_atr150_rr300,2015-11-30 12:00:00+00:00,2015-11-30 12:00:00+00:00,2015-12-01 02:00:00+00:00,1,123.065,122.74407594810295,122.74407594810295,124.02777215569114,SL,-1.0000000000000095
B_l25_atr150_rr300,2015-12-02 16:00:00+00:00,2015-12-02 16:00:00+00:00,2015-12-03 13:00:00+00:00,1,123.465,123.0964030397216,123.0964030397216,124.57079088083523,SL,-0.9999999999999949
B_l25_atr150_rr300,2016-02-08 16:00:00+00:00,2016-02-08 16:00:00+00:00,2016-02-11 00:00:00+00:00,-1,115.57,112.8383179505872,116.4805606831376,112.8383179505872,TP,2.9999999999999933
B_l25_atr150_rr300,2016-02-24 16:00:00+00:00,2016-02-24 16:00:00+00:00,2016-02-24 20:00:00+00:00,-1,111.076,111.8491258950672,111.8491258950672,108.75662231479836,SL,-1.000000000000002
B_l25_atr150_rr300,2016-03-08 16:00:00+00:00,2016-03-08 16:00:00+00:00,2016-03-09 15:00:00+00:00,-1,112.447,113.15921499781591,113.15921499781591,110.31035500655229,SL,-1.0000000000000009
B_l25_atr150_rr300,2016-03-17 08:00:00+00:00,2016-03-17 08:00:00+00:00,2016-03-18 16:00:00+00:00,-1,111.758,111.395,112.49702857666097,109.5409142700171,FRIDAY,0.4911853363507053
B_l25_atr150_rr300,2016-03-30 08:00:00+00:00,2016-03-30 08:00:00+00:00,2016-03-30 12:00:00+00:00,-1,112.073,112.58668221072715,112.58668221072715,110.53195336781853,SL,-1.000000000000001
B_l25_atr150_rr300,2016-04-04 16:00:00+00:00,2016-04-04 16:00:00+00:00,2016-04-06 15:00:00+00:00,-1,111.184,109.58671011191203,111.71642996269598,109.58671011191203,TP,2.9999999999999902
B_l25_atr150_rr300,2016-04-07 08:00:00+00:00,2016-04-07 08:00:00+00:00,2016-04-08 16:00:00+00:00,-1,108.566,108.381,109.24937561190569,106.51587316428294,FRIDAY,0.2707149578898547
B_l25_atr150_rr300,2016-05-03 08:00:00+00:00,2016-05-03 08:00:00+00:00,2016-05-03 15:00:00+00:00,-1,105.577,106.34224407918654,106.34224407918654,103.28126776244035,SL,-0.9999999999999952
B_l25_atr150_rr300,2016-06-02 16:00:00+00:00,2016-06-02 16:00:00+00:00,2016-06-03 14:00:00+00:00,-1,108.749,106.83151343071735,109.38816218976088,106.83151343071735,TP,2.999999999999999
B_l25_atr150_rr300,2016-06-09 08:00:00+00:00,2016-06-09 08:00:00+00:00,2016-06-09 19:00:00+00:00,-1,106.363,106.99846530700825,106.99846530700825,104.45660407897526,SL,-1.0000000000000004
B_l25_atr150_rr300,2016-07-05 08:00:00+00:00,2016-07-05 08:00:00+00:00,2016-07-08 13:00:00+00:00,-1,101.74,100.08889344745442,102.29036885084852,100.08889344745442,TP,2.999999999999998
B_l25_atr150_rr300,2016-08-02 08:00:00+00:00,2016-08-02 08:00:00+00:00,2016-08-05 16:00:00+00:00,-1,101.663,101.747,102.65542423219652,98.68572730341043,FRIDAY,-0.08464122224634398
B_l25_atr150_rr300,2016-08-16 08:00:00+00:00,2016-08-16 08:00:00+00:00,2016-08-17 04:00:00+00:00,-1,100.319,100.90599354162279,100.90599354162279,98.55801937513162,SL,-0.9999999999999939
B_l25_atr150_rr300,2016-09-21 12:00:00+00:00,2016-09-21 12:00:00+00:00,2016-09-23 16:00:00+00:00,-1,100.928,101.046,101.68732771378986,98.65001685863042,FRIDAY,-0.1554006232843301
B_l25_atr150_rr300,2016-12-09 12:00:00+00:00,2016-12-09 12:00:00+00:00,2016-12-09 16:00:00+00:00,1,114.97,115.182,114.2340913327934,117.1777260016198,FRIDAY,0.2880792270115849
B_l25_atr150_rr300,2016-12-12 08:00:00+00:00,2016-12-12 08:00:00+00:00,2016-12-12 17:00:00+00:00,1,115.841,115.10250483017263,115.10250483017263,118.05648550948206,SL,-1.000000000000006
B_l25_atr150_rr300,2016-12-15 12:00:00+00:00,2016-12-15 12:00:00+00:00,2016-12-16 16:00:00+00:00,1,118.358,118.375,117.47009861218396,121.02170416344815,FRIDAY,0.019146270332801744
B_l25_atr150_rr300,2017-01-03 08:00:00+00:00,2017-01-03 08:00:00+00:00,2017-01-03 18:00:00+00:00,1,117.841,117.25233656309287,117.25233656309287,119.60699031072137,SL,-0.999999999999997
B_l25_atr150_rr300,2017-01-27 08:00:00+00:00,2017-01-27 08:00:00+00:00,2017-01-27 16:00:00+00:00,1,115.219,115.061,114.37655659346582,117.7463302196025,FRIDAY,-0.18754969031095278
B_l25_atr150_rr300,2017-03-10 08:00:00+00:00,2017-03-10 08:00:00+00:00,2017-03-10 14:00:00+00:00,1,115.409,114.94186559281978,114.94186559281978,116.81040322154067,SL,-1.000000000000009
B_l25_atr150_rr300,2017-05-02 08:00:00+00:00,2017-05-02 08:00:00+00:00,2017-05-05 04:00:00+00:00,1,112.172,112.172,111.71780778832803,113.53457663501588,BE,0.0
B_l25_atr150_rr300,2017-05-09 08:00:00+00:00,2017-05-09 08:00:00+00:00,2017-05-11 14:00:00+00:00,1,113.639,113.639,113.17951810586314,115.01744568241055,BE,0.0
B_l25_atr150_rr300,2017-06-29 08:00:00+00:00,2017-06-29 08:00:00+00:00,2017-06-29 16:00:00+00:00,1,112.506,112.06552311726753,112.06552311726753,113.82743064819739,SL,-1.000000000000016
B_l25_atr150_rr300,2017-07-03 12:00:00+00:00,2017-07-03 12:00:00+00:00,2017-07-07 16:00:00+00:00,1,112.982,114.099,112.45784920030476,114.55445239908569,FRIDAY,2.131066099010985
B_l25_atr150_rr300,2017-07-11 08:00:00+00:00,2017-07-11 08:00:00+00:00,2017-07-11 16:00:00+00:00,1,114.316,113.87654926868044,113.87654926868044,115.63435219395869,SL,-1.0000000000000062
B_l25_atr150_rr300,2017-08-18 08:00:00+00:00,2017-08-18 08:00:00+00:00,2017-08-18 16:00:00+00:00,-1,109.05,109.31,109.59328647015296,107.42014058954109,FRIDAY,-0.47856888452753066
B_l25_atr150_rr300,2017-09-05 16:00:00+00:00,2017-09-05 16:00:00+00:00,2017-09-08 16:00:00+00:00,-1,108.946,107.715,109.4897045654176,107.31488630374722,FRIDAY,2.26409722907976
B_l25_atr150_rr300,2017-10-18 12:00:00+00:00,2017-10-18 12:00:00+00:00,2017-10-19 10:00:00+00:00,1,112.826,112.46003261026334,112.46003261026334,113.92390216920997,SL,-0.9999999999999915
B_l25_atr150_rr300,2017-10-20 08:00:00+00:00,2017-10-20 08:00:00+00:00,2017-10-20 16:00:00+00:00,1,113.326,113.5,112.89554209949797,114.61737370150607,FRIDAY,0.4042207142605066
B_l25_atr150_rr300,2017-12-08 08:00:00+00:00,2017-12-08 08:00:00+00:00,2017-12-08 16:00:00+00:00,1,113.473,113.522,113.0382628369916,114.77721148902516,FRIDAY,0.11271178120804208
B_l25_atr150_rr300,2017-12-20 08:00:00+00:00,2017-12-20 08:00:00+00:00,2017-12-22 16:00:00+00:00,1,113.136,113.378,112.79206263879207,114.16781208362376,FRIDAY,0.7036164932768344
B_l25_atr150_rr300,2018-02-13 12:00:00+00:00,2018-02-13 12:00:00+00:00,2018-02-16 04:00:00+00:00,-1,107.646,105.76728457587184,108.27223847470938,105.76728457587184,TP,2.999999999999992
B_l25_atr150_rr300,2018-03-02 08:00:00+00:00,2018-03-02 08:00:00+00:00,2018-03-02 16:00:00+00:00,-1,105.736,105.472,106.27080873490627,104.13157379528121,FRIDAY,0.4936344206238185
B_l25_atr150_rr300,2018-03-16 08:00:00+00:00,2018-03-16 08:00:00+00:00,2018-03-16 14:00:00+00:00,-1,105.656,106.15668631513068,106.15668631513068,104.15394105460796,SL,-0.999999999999994
B_l25_atr150_rr300,2018-03-22 16:00:00+00:00,2018-03-22 16:00:00+00:00,2018-03-22 18:00:00+00:00,-1,105.334,105.81022093376649,105.81022093376649,103.90533719870054,SL,-0.9999999999999928
B_l25_atr150_rr300,2018-07-10 12:00:00+00:00,2018-07-10 12:00:00+00:00,2018-07-10 21:00:00+00:00,1,111.264,110.9510225215163,110.9510225215163,112.20293243545112,SL,-0.9999999999999787
B_l25_atr150_rr300,2018-07-12 12:00:00+00:00,2018-07-12 12:00:00+00:00,2018-07-13 16:00:00+00:00,1,112.505,112.392,112.06586101256002,113.82241696231992,FRIDAY,-0.25732172098576306
B_l25_atr150_rr300,2018-07-17 16:00:00+00:00,2018-07-17 16:00:00+00:00,2018-07-19 17:00:00+00:00,1,112.812,112.43174507512683,112.43174507512683,113.95276477461951,SL,-1.0000000000000002
B_l25_atr150_rr300,2018-07-31 12:00:00+00:00,2018-07-31 12:00:00+00:00,2018-08-03 15:00:00+00:00,1,111.513,111.10786369414525,111.10786369414525,112.72840891756427,SL,-1.0000000000000049
B_l25_atr150_rr300,2018-09-18 16:00:00+00:00,2018-09-18 16:00:00+00:00,2018-09-21 16:00:00+00:00,1,112.309,112.635,111.92816906870166,113.45149279389499,FRIDAY,0.8560229046748034
B_l25_atr150_rr300,2018-10-01 08:00:00+00:00,2018-10-01 08:00:00+00:00,2018-10-02 07:00:00+00:00,1,114.035,113.68741937138206,113.68741937138206,115.0777418858538,SL,-0.9999999999999993
B_l25_atr150_rr300,2018-10-03 16:00:00+00:00,2018-10-03 16:00:00+00:00,2018-10-04 14:00:00+00:00,1,114.191,113.83736923906686,113.83736923906686,115.25189228279945,SL,-0.9999999999999863
B_l25_atr150_rr300,2018-10-22 08:00:00+00:00,2018-10-22 08:00:00+00:00,2018-10-23 06:00:00+00:00,1,112.756,112.38344246575983,112.38344246575983,113.8736726027205,SL,-1.0000000000000184
B_l25_atr150_rr300,2018-10-30 08:00:00+00:00,2018-10-30 08:00:00+00:00,2018-11-02 16:00:00+00:00,1,112.808,113.097,112.34803981095403,114.18788056713792,FRIDAY,0.6283152474552607
B_l25_atr150_rr300,2018-11-12 08:00:00+00:00,2018-11-12 08:00:00+00:00,2018-11-12 13:00:00+00:00,1,114.167,113.83597316904488,113.83597316904488,115.16008049286538,SL,-1.0000000000000024
B_l25_atr150_rr300,2018-11-27 16:00:00+00:00,2018-11-27 16:00:00+00:00,2018-11-28 17:00:00+00:00,1,113.786,113.49199584854098,113.49199584854098,114.66801245437708,SL,-0.9999999999999801
B_l25_atr150_rr300,2018-12-13 16:00:00+00:00,2018-12-13 16:00:00+00:00,2018-12-14 16:00:00+00:00,1,113.641,113.404,113.32808073882558,114.57975778352329,FRIDAY,-0.7573838667217699
B_l25_atr150_rr300,2019-01-31 08:00:00+00:00,2019-01-31 08:00:00+00:00,2019-02-01 14:00:00+00:00,-1,108.735,109.12065211924198,109.12065211924198,107.57804364227407,SL,-1.0000000000000155
B_l25_atr150_rr300,2019-05-31 08:00:00+00:00,2019-05-31 08:00:00+00:00,2019-05-31 16:00:00+00:00,-1,108.774,108.656,109.14119014957166,107.67242955128505,FRIDAY,0.3213593832450259
B_l25_atr150_rr300,2019-08-12 12:00:00+00:00,2019-08-12 12:00:00+00:00,2019-08-13 13:00:00+00:00,-1,105.134,105.66676490110589,105.66676490110589,103.53570529668231,SL,-0.9999999999999921
B_l25_atr150_rr300,2019-12-26 16:00:00+00:00,2019-12-26 16:00:00+00:00,2019-12-27 00:00:00+00:00,1,109.637,109.4906208199195,109.4906208199195,110.07613754024149,SL,-1.0000000000000344
B_l25_atr150_rr300,2020-01-13 12:00:00+00:00,2020-01-13 12:00:00+00:00,2020-01-17 16:00:00+00:00,1,109.851,110.165,109.5386205179754,110.78813844607376,FRIDAY,1.0051876581807333
B_l25_atr150_rr300,2020-02-19 08:00:00+00:00,2020-02-19 08:00:00+00:00,2020-02-19 13:00:00+00:00,1,110.12,110.76320487256686,109.90559837581105,110.76320487256686,TP,3.000000000000022
B_l25_atr150_rr300,2020-02-20 08:00:00+00:00,2020-02-20 08:00:00+00:00,2020-02-21 16:00:00+00:00,1,111.688,111.692,111.28960087045871,112.88319738862388,FRIDAY,0.010040182579204363
B_l25_atr150_rr300,2020-04-01 16:00:00+00:00,2020-04-01 16:00:00+00:00,2020-04-02 14:00:00+00:00,-1,107.044,107.9781526317219,107.9781526317219,104.24154210483428,SL,-0.9999999999999964
B_l25_atr150_rr300,2020-04-14 12:00:00+00:00,2020-04-14 12:00:00+00:00,2020-04-15 13:00:00+00:00,-1,107.309,107.69955549770816,107.69955549770816,106.13733350687552,SL,-1.0000000000000149
B_l25_atr150_rr300,2020-04-27 08:00:00+00:00,2020-04-27 08:00:00+00:00,2020-04-30 14:00:00+00:00,-1,107.222,107.222,107.60659111774225,106.06822664677321,BE,-0.0
B_l25_atr150_rr300,2020-05-06 12:00:00+00:00,2020-05-06 12:00:00+00:00,2020-05-07 09:00:00+00:00,-1,106.106,106.47789048591355,106.47789048591355,104.99032854225932,SL,-0.9999999999999918
B_l25_atr150_rr300,2020-05-29 08:00:00+00:00,2020-05-29 08:00:00+00:00,2020-05-29 13:00:00+00:00,-1,107.204,107.49605593443196,107.49605593443196,106.3278321967041,SL,-1.000000000000019
B_l25_atr150_rr300,2020-07-10 08:00:00+00:00,2020-07-10 08:00:00+00:00,2020-07-10 16:00:00+00:00,-1,106.841,106.773,107.10212603786619,106.05762188640144,FRIDAY,0.2604106452028519
B_l25_atr150_rr300,2020-07-24 08:00:00+00:00,2020-07-24 08:00:00+00:00,2020-07-24 16:00:00+00:00,-1,106.216,105.795,106.5341018459795,105.26169446206144,FRIDAY,1.3234755010730173
B_l25_atr150_rr300,2020-07-27 12:00:00+00:00,2020-07-27 12:00:00+00:00,2020-07-31 13:00:00+00:00,-1,105.301,105.301,105.71604314722588,104.05587055832237,BE,-0.0
B_l25_atr150_rr300,2020-08-18 08:00:00+00:00,2020-08-18 08:00:00+00:00,2020-08-19 18:00:00+00:00,-1,105.528,105.88180451690236,105.88180451690236,104.46658644929295,SL,-1.000000000000012
B_l25_atr150_rr300,2020-09-15 12:00:00+00:00,2020-09-15 12:00:00+00:00,2020-09-17 07:00:00+00:00,-1,105.525,104.7538317483416,105.78205608388615,104.7538317483416,TP,2.999999999999999
B_l25_atr150_rr300,2020-09-17 08:00:00+00:00,2020-09-17 08:00:00+00:00,2020-09-18 16:00:00+00:00,-1,104.767,104.446,105.09283962489113,103.78948112532662,FRIDAY,0.9851472180747006
B_l25_atr150_rr300,2020-09-21 08:00:00+00:00,2020-09-21 08:00:00+00:00,2020-09-21 13:00:00+00:00,-1,104.189,104.55198931135165,104.55198931135165,103.10003206594503,SL,-0.9999999999999954
B_l25_atr150_rr300,2020-10-12 16:00:00+00:00,2020-10-12 16:00:00+00:00,2020-10-13 13:00:00+00:00,-1,105.321,105.56360328312951,105.56360328312951,104.59319015061148,SL,-1.0000000000000129
B_l25_atr150_rr300,2020-10-14 16:00:00+00:00,2020-10-14 16:00:00+00:00,2020-10-15 06:00:00+00:00,-1,105.085,105.31439874738571,105.31439874738571,104.39680375784283,SL,-0.9999999999999692
B_l25_atr150_rr300,2020-10-21 08:00:00+00:00,2020-10-21 08:00:00+00:00,2020-10-23 16:00:00+00:00,-1,105.023,104.78,105.26197927131516,104.30606218605453,FRIDAY,1.0168245917845284
B_l25_atr150_rr300,2020-10-28 08:00:00+00:00,2020-10-28 08:00:00+00:00,2020-10-29 01:00:00+00:00,-1,104.216,104.48722039644504,104.48722039644504,103.40233881066487,SL,-1.000000000000009
B_l25_atr150_rr300,2020-11-05 16:00:00+00:00,2020-11-05 16:00:00+00:00,2020-11-06 16:00:00+00:00,-1,103.652,103.308,104.13838089329337,102.19285732011987,FRIDAY,0.7072646247896467
B_l25_atr150_rr300,2020-11-16 08:00:00+00:00,2020-11-16 08:00:00+00:00,2020-11-16 11:00:00+00:00,-1,104.453,104.82472858967003,104.82472858967003,103.3378142309899,SL,-0.9999999999999858
B_l25_atr150_rr300,2020-11-17 12:00:00+00:00,2020-11-17 12:00:00+00:00,2020-11-20 16:00:00+00:00,-1,104.201,103.806,104.5892156057472,103.03635318275836,FRIDAY,1.0174758411365938
B_l25_atr150_rr300,2020-12-14 12:00:00+00:00,2020-12-14 12:00:00+00:00,2020-12-14 15:00:00+00:00,-1,103.756,104.04492778890335,104.04492778890335,102.88921663328993,SL,-0.9999999999999769
B_l25_atr150_rr300,2020-12-16 08:00:00+00:00,2020-12-16 08:00:00+00:00,2020-12-16 19:00:00+00:00,-1,103.447,103.72752483665496,103.72752483665496,102.60542549003512,SL,-1.0000000000000016
B_l25_atr150_rr300,2020-12-17 08:00:00+00:00,2020-12-17 08:00:00+00:00,2020-12-18 08:00:00+00:00,-1,103.185,103.51591278058697,103.51591278058697,102.19226165823909,SL,-0.9999999999999968
B_l25_atr150_rr300,2020-12-30 12:00:00+00:00,2020-12-30 12:00:00+00:00,2021-01-06 13:00:00+00:00,-1,103.127,103.127,103.39873515904334,102.31179452286995,BE,-0.0
B_l25_atr150_rr300,2021-03-26 08:00:00+00:00,2021-03-26 08:00:00+00:00,2021-03-26 16:00:00+00:00,1,109.327,109.557,109.05030903050692,110.15707290847921,FRIDAY,0.8312522827231751
B_l25_atr150_rr300,2021-03-30 08:00:00+00:00,2021-03-30 08:00:00+00:00,2021-04-02 16:00:00+00:00,1,110.23,110.686,109.91127732455277,111.1861680263417,FRIDAY,1.4307108816783796
B_l25_atr150_rr300,2021-04-28 08:00:00+00:00,2021-04-28 08:00:00+00:00,2021-04-28 18:00:00+00:00,1,109.019,108.67659827672871,108.67659827672871,110.04620516981389,SL,-0.9999999999999992
B_l25_atr150_rr300,2021-05-03 08:00:00+00:00,2021-05-03 08:00:00+00:00,2021-05-03 12:00:00+00:00,1,109.653,109.29917894446957,109.29917894446957,110.7144631665913,SL,-0.9999999999999966
B_l25_atr150_rr300,2021-05-27 12:00:00+00:00,2021-05-27 12:00:00+00:00,2021-05-28 11:00:00+00:00,1,109.232,110.02554826790825,108.96748391069725,110.02554826790825,TP,3.000000000000023
B_l25_atr150_rr300,2021-05-28 12:00:00+00:00,2021-05-28 12:00:00+00:00,2021-05-28 16:00:00+00:00,1,110.047,109.846,109.74894949111189,110.94115152666431,FRIDAY,-0.6743823412677151
B_l25_atr150_rr300,2021-06-14 16:00:00+00:00,2021-06-14 16:00:00+00:00,2021-06-16 23:00:00+00:00,1,109.99,110.79100400424548,109.7229986652515,110.79100400424548,TP,3.000000000000004
B_l25_atr150_rr300,2021-06-23 08:00:00+00:00,2021-06-23 08:00:00+00:00,2021-06-25 12:00:00+00:00,1,110.878,110.55624249951613,110.55624249951613,111.84327250145162,SL,-0.9999999999999843
B_l25_atr150_rr300,2021-07-01 08:00:00+00:00,2021-07-01 08:00:00+00:00,2021-07-02 16:00:00+00:00,1,111.276,111.292,110.99383502084697,112.12249493745907,FRIDAY,0.056704414729398994
B_l25_atr150_rr300,2021-07-23 12:00:00+00:00,2021-07-23 12:00:00+00:00,2021-07-23 16:00:00+00:00,1,110.532,110.513,110.21589678282196,111.48030965153413,FRIDAY,-0.06010694914658029
B_l25_atr150_rr300,2021-08-11 08:00:00+00:00,2021-08-11 08:00:00+00:00,2021-08-11 12:00:00+00:00,1,110.753,110.50963705433169,110.50963705433169,111.48308883700494,SL,-0.9999999999999816
B_l25_atr150_rr300,2021-09-01 08:00:00+00:00,2021-09-01 08:00:00+00:00,2021-09-01 12:00:00+00:00,1,110.402,110.13496177455343,110.13496177455343,111.20311467633972,SL,-0.9999999999999788
B_l25_atr150_rr300,2021-09-27 12:00:00+00:00,2021-09-27 12:00:00+00:00,2021-09-29 17:00:00+00:00,1,111.032,111.98638460045505,110.7138717998483,111.98638460045505,TP,3.000000000000009
B_l25_atr150_rr300,2021-10-08 08:00:00+00:00,2021-10-08 08:00:00+00:00,2021-10-08 12:00:00+00:00,1,111.958,111.64101424123072,111.64101424123072,112.90895727630782,SL,-1.000000000000008
B_l25_atr150_rr300,2021-10-11 08:00:00+00:00,2021-10-11 08:00:00+00:00,2021-10-15 04:00:00+00:00,1,112.793,113.96119501173649,112.40360166275451,113.96119501173649,TP,3.0000000000000036
B_l25_atr150_rr300,2021-10-15 08:00:00+00:00,2021-10-15 08:00:00+00:00,2021-10-15 16:00:00+00:00,1,114.099,114.307,113.72933387126707,115.20799838619878,FRIDAY,0.5626698900246644
B_l25_atr150_rr300,2021-11-01 08:00:00+00:00,2021-11-01 08:00:00+00:00,2021-11-01 18:00:00+00:00,1,114.423,114.03355266569432,114.03355266569432,115.59134200291705,SL,-1.000000000000007
B_l25_atr150_rr300,2021-11-16 16:00:00+00:00,2021-11-16 16:00:00+00:00,2021-11-17 17:00:00+00:00,1,114.581,114.24064555944251,114.24064555944251,115.60206332167246,SL,-1.0000000000000182
B_l25_atr150_rr300,2021-11-24 16:00:00+00:00,2021-11-24 16:00:00+00:00,2021-11-26 00:00:00+00:00,1,115.441,114.96965142918512,114.96965142918512,116.85504571244465,SL,-1.0000000000000029
B_l25_atr150_rr300,2021-12-15 16:00:00+00:00,2021-12-15 16:00:00+00:00,2021-12-17 03:00:00+00:00,1,113.842,113.53723476094237,113.53723476094237,114.75629571717288,SL,-1.0000000000000149
B_l25_atr150_rr300,2021-12-23 16:00:00+00:00,2021-12-23 16:00:00+00:00,2021-12-24 16:00:00+00:00,1,114.401,114.384,114.10369730080838,115.29290809757485,FRIDAY,-0.05718077920657885
B_l25_atr150_rr300,2021-12-27 12:00:00+00:00,2021-12-27 12:00:00+00:00,2021-12-31 16:00:00+00:00,1,114.667,115.146,114.43108316033383,115.37475051899852,FRIDAY,2.030376469427907
B_l25_atr150_rr300,2022-01-28 08:00:00+00:00,2022-01-28 08:00:00+00:00,2022-01-28 14:00:00+00:00,1,115.655,115.24298860937286,115.24298860937286,116.89103417188142,SL,-1.000000000000013
B_l25_atr150_rr300,2022-02-08 08:00:00+00:00,2022-02-08 08:00:00+00:00,2022-02-11 16:00:00+00:00,1,115.485,115.88,115.13092348138338,116.54722955584987,FRIDAY,1.1155780720598456
B_l25_atr150_rr300,2022-03-03 12:00:00+00:00,2022-03-03 12:00:00+00:00,2022-03-03 19:00:00+00:00,1,115.765,115.42379441397848,115.42379441397848,116.78861675806455,SL,-1.000000000000001
B_l25_atr150_rr300,2022-03-11 08:00:00+00:00,2022-03-11 08:00:00+00:00,2022-03-11 16:00:00+00:00,1,116.721,116.993,116.33914675306787,117.8665597407964,FRIDAY,0.7123155353143622
B_l25_atr150_rr300,2022-03-14 12:00:00+00:00,2022-03-14 12:00:00+00:00,2022-03-18 12:00:00+00:00,1,117.958,119.23890588940857,117.53103137019714,119.23890588940857,TP,3.0000000000000124
B_l25_atr150_rr300,2022-03-22 08:00:00+00:00,2022-03-22 08:00:00+00:00,2022-03-24 13:00:00+00:00,1,120.471,121.83945413496741,120.01484862167753,121.83945413496741,TP,2.9999999999999942
B_l25_atr150_rr300,2022-03-24 16:00:00+00:00,2022-03-24 16:00:00+00:00,2022-03-25 04:00:00+00:00,1,122.054,121.50258887133853,121.50258887133853,123.70823338598443,SL,-0.9999999999999918
B_l25_atr150_rr300,2022-04-05 16:00:00+00:00,2022-04-05 16:00:00+00:00,2022-04-08 16:00:00+00:00,1,123.495,124.31,122.76716478471288,125.67850564586138,FRIDAY,1.1197589548871818
B_l25_atr150_rr300,2022-04-11 08:00:00+00:00,2022-04-11 08:00:00+00:00,2022-04-15 16:00:00+00:00,1,125.25,126.321,124.66988680898623,126.9903395730413,FRIDAY,1.84619142710476
B_l25_atr150_rr300,2022-04-19 08:00:00+00:00,2022-04-19 08:00:00+00:00,2022-04-20 03:00:00+00:00,1,128.07,128.07,127.47823768363895,129.84528694908312,BE,0.0
B_l25_atr150_rr300,2022-04-28 08:00:00+00:00,2022-04-28 08:00:00+00:00,2022-04-29 14:00:00+00:00,1,130.6,129.65274006354664,129.65274006354664,133.44177980936004,SL,-0.9999999999999967
B_l25_atr150_rr300,2022-05-09 08:00:00+00:00,2022-05-09 08:00:00+00:00,2022-05-09 14:00:00+00:00,1,131.205,130.47663017450103,130.47663017450103,133.39010947649697,SL,-1.0000000000000036
B_l25_atr150_rr300,2022-05-31 16:00:00+00:00,2022-05-31 16:00:00+00:00,2022-06-03 12:00:00+00:00,1,128.544,130.56830084289032,127.8692330523699,130.56830084289032,TP,2.9999999999999942
B_l25_atr150_rr300,2022-06-07 08:00:00+00:00,2022-06-07 08:00:00+00:00,2022-06-10 16:00:00+00:00,1,132.777,134.195,132.1034467693439,134.79765969196828,FRIDAY,2.105253060131206
B_l25_atr150_rr300,2022-06-21 12:00:00+00:00,2022-06-21 12:00:00+00:00,2022-06-23 02:00:00+00:00,1,136.18,135.19996683250432,135.19996683250432,139.1200995024871,SL,-0.9999999999999871
B_l25_atr150_rr300,2022-06-29 12:00:00+00:00,2022-06-29 12:00:00+00:00,2022-06-30 13:00:00+00:00,1,136.497,135.7601011122,135.7601011122,138.70769666340004,SL,-0.9999999999999997
B_l25_atr150_rr300,2022-07-11 12:00:00+00:00,2022-07-11 12:00:00+00:00,2022-07-12 14:00:00+00:00,1,137.351,136.54760099422316,136.54760099422316,139.76119701733055,SL,-0.9999999999999939
B_l25_atr150_rr300,2022-08-19 08:00:00+00:00,2022-08-19 08:00:00+00:00,2022-08-19 16:00:00+00:00,1,136.669,137.018,135.90345990818895,138.96562027543322,FRIDAY,0.4558872928187807
B_l25_atr150_rr300,2022-08-22 16:00:00+00:00,2022-08-22 16:00:00+00:00,2022-08-23 13:00:00+00:00,1,137.581,136.796623660426,136.796623660426,139.93412901872196,SL,-0.9999999999999839
B_l25_atr150_rr300,2022-08-29 08:00:00+00:00,2022-08-29 08:00:00+00:00,2022-09-02 16:00:00+00:00,1,138.708,140.05,137.88259963809725,141.18420108570828,FRIDAY,1.625877649128187
B_l25_atr150_rr300,2022-09-06 12:00:00+00:00,2022-09-06 12:00:00+00:00,2022-09-07 03:00:00+00:00,1,141.915,143.8633531946487,141.2655489351171,143.8633531946487,TP,3.0000000000000164
B_l25_atr150_rr300,2022-09-07 12:00:00+00:00,2022-09-07 12:00:00+00:00,2022-09-07 17:00:00+00:00,1,144.966,144.0774057093908,144.0774057093908,147.6317828718276,SL,-1.000000000000015
B_l25_atr150_rr300,2022-09-22 08:00:00+00:00,2022-09-22 08:00:00+00:00,2022-09-22 08:00:00+00:00,1,145.778,144.77940466530464,144.77940466530464,148.77378600408605,SL,-1.0000000000000047
B_l25_atr150_rr300,2022-10-03 08:00:00+00:00,2022-10-03 08:00:00+00:00,2022-10-03 15:00:00+00:00,1,145.034,144.37272737567952,144.37272737567952,147.01781787296142,SL,-1.0000000000000038
B_l25_atr150_rr300,2022-10-10 16:00:00+00:00,2022-10-10 16:00:00+00:00,2022-10-13 12:00:00+00:00,1,145.731,147.31797807806194,145.20200730731267,147.31797807806194,TP,3.000000000000023
B_l25_atr150_rr300,2022-10-14 12:00:00+00:00,2022-10-14 12:00:00+00:00,2022-10-14 16:00:00+00:00,1,147.807,148.459,147.25081150995285,149.47556547014142,FRIDAY,1.1722644601019234
B_l25_atr150_rr300,2022-10-19 08:00:00+00:00,2022-10-19 08:00:00+00:00,2022-10-21 09:00:00+00:00,1,149.351,150.95928785718553,148.8149040476048,150.95928785718553,TP,2.9999999999999916
B_l25_atr150_rr300,2023-03-24 12:00:00+00:00,2023-03-24 12:00:00+00:00,2023-03-24 16:00:00+00:00,-1,130.006,130.64,131.00425117538384,127.01124647384844,FRIDAY,-0.6351106972212671
B_l25_atr150_rr300,2023-04-05 16:00:00+00:00,2023-04-05 16:00:00+00:00,2023-04-07 12:00:00+00:00,-1,131.111,132.00797078861254,132.00797078861254,128.42008763416237,SL,-1.000000000000011
B_l25_atr150_rr300,2023-05-17 08:00:00+00:00,2023-05-17 08:00:00+00:00,2023-05-19 16:00:00+00:00,1,136.99,137.679,136.39977624879378,138.76067125361865,FRIDAY,1.1673539036541947
B_l25_atr150_rr300,2023-05-24 16:00:00+00:00,2023-05-24 16:00:00+00:00,2023-05-26 16:00:00+00:00,1,139.148,140.535,138.4585413881641,141.21637583550773,FRIDAY,2.0117233669859633
B_l25_atr150_rr300,2023-06-15 08:00:00+00:00,2023-06-15 08:00:00+00:00,2023-06-15 13:00:00+00:00,1,141.275,140.5823786409192,140.5823786409192,143.35286407724246,SL,-1.0000000000000056
B_l25_atr150_rr300,2023-06-27 16:00:00+00:00,2023-06-27 16:00:00+00:00,2023-06-30 16:00:00+00:00,1,144.012,144.473,143.32280828372686,146.07957514881946,FRIDAY,0.6688995080975465
B_l25_atr150_rr300,2023-07-31 08:00:00+00:00,2023-07-31 08:00:00+00:00,2023-08-04 16:00:00+00:00,1,142.178,141.797,140.76803022487354,146.4079093253794,FRIDAY,-0.27021855838422354
B_l25_atr150_rr300,2023-08-14 16:00:00+00:00,2023-08-14 16:00:00+00:00,2023-08-18 06:00:00+00:00,1,145.306,145.306,144.72455055307566,147.05034834077304,BE,0.0
B_l25_atr150_rr300,2023-09-05 08:00:00+00:00,2023-09-05 08:00:00+00:00,2023-09-08 16:00:00+00:00,1,146.915,147.7,146.3730810323126,148.54075690306215,FRIDAY,1.4485560513778435
B_l25_atr150_rr300,2023-09-15 08:00:00+00:00,2023-09-15 08:00:00+00:00,2023-09-15 16:00:00+00:00,1,147.758,147.832,147.2457358791064,149.29479236268085,FRIDAY,0.14445673038918982
B_l25_atr150_rr300,2023-09-20 08:00:00+00:00,2023-09-20 08:00:00+00:00,2023-09-20 13:00:00+00:00,1,148.147,147.7795252798381,147.7795252798381,149.2494241604856,SL,-1.0000000000000293
B_l25_atr150_rr300,2023-09-25 12:00:00+00:00,2023-09-25 12:00:00+00:00,2023-09-29 07:00:00+00:00,1,148.679,148.679,148.22306198865314,150.04681403404058,BE,0.0
B_l25_atr150_rr300,2023-10-03 12:00:00+00:00,2023-10-03 12:00:00+00:00,2023-10-03 14:00:00+00:00,1,149.977,149.58513467860394,149.58513467860394,151.15259596418818,SL,-1.0000000000000155
B_l25_atr150_rr300,2023-10-18 16:00:00+00:00,2023-10-18 16:00:00+00:00,2023-10-20 16:00:00+00:00,1,149.868,149.849,149.4787407165384,151.03577785038476,FRIDAY,-0.04881065348279753
B_l25_atr150_rr300,2023-11-08 16:00:00+00:00,2023-11-08 16:00:00+00:00,2023-11-10 16:00:00+00:00,1,150.853,151.474,150.4006451082215,152.21006467533553,FRIDAY,1.3728159268012377
B_l25_atr150_rr300,2023-11-13 08:00:00+00:00,2023-11-13 08:00:00+00:00,2023-11-13 15:00:00+00:00,1,151.745,151.37509152238283,151.37509152238283,152.8547254328515,SL,-1.0000000000000373
B_l25_atr150_rr300,2024-01-17 08:00:00+00:00,2024-01-17 08:00:00+00:00,2024-01-19 16:00:00+00:00,1,147.878,148.099,147.13155923656575,150.11732229030272,FRIDAY,0.2960717190513825
B_l25_atr150_rr300,2024-02-05 16:00:00+00:00,2024-02-05 16:00:00+00:00,2024-02-06 15:00:00+00:00,1,148.88,148.0822621639426,148.0822621639426,151.27321350817218,SL,-1.0000000000000036
B_l25_atr150_rr300,2024-02-08 12:00:00+00:00,2024-02-08 12:00:00+00:00,2024-02-09 16:00:00+00:00,1,149.166,149.323,148.51486027248222,151.11941918255334,FRIDAY,0.24111568280208004
B_l25_atr150_rr300,2024-02-13 08:00:00+00:00,2024-02-13 08:00:00+00:00,2024-02-15 13:00:00+00:00,1,149.595,149.595,149.1167871925385,151.0296384223845,BE,0.0
B_l25_atr150_rr300,2024-03-19 08:00:00+00:00,2024-03-19 08:00:00+00:00,2024-03-21 01:00:00+00:00,1,150.265,150.265,149.64061746155724,152.1381476153282,BE,0.0
B_l25_atr150_rr300,2024-04-15 08:00:00+00:00,2024-04-15 08:00:00+00:00,2024-04-16 13:00:00+00:00,1,153.909,153.909,153.46166545228246,155.2510036431526,BE,0.0
B_l25_atr150_rr300,2024-04-24 08:00:00+00:00,2024-04-24 08:00:00+00:00,2024-04-26 03:00:00+00:00,1,154.907,155.85595518074538,154.59068160641823,155.85595518074538,TP,3.0000000000000426
B_l25_atr150_rr300,2024-05-09 08:00:00+00:00,2024-05-09 08:00:00+00:00,2024-05-10 16:00:00+00:00,1,155.841,155.853,155.08442923101464,158.11071230695612,FRIDAY,0.015861041018137168
B_l25_atr150_rr300,2024-05-13 16:00:00+00:00,2024-05-13 16:00:00+00:00,2024-05-15 08:00:00+00:00,1,156.183,155.62845625448554,155.62845625448554,157.84663123654332,SL,-1.0000000000000173
B_l25_atr150_rr300,2024-05-22 12:00:00+00:00,2024-05-22 12:00:00+00:00,2024-05-24 16:00:00+00:00,1,156.588,156.905,156.0948487587425,158.06745372377247,FRIDAY,0.6428048304039239
B_l25_atr150_rr300,2024-05-29 16:00:00+00:00,2024-05-29 16:00:00+00:00,2024-05-30 04:00:00+00:00,1,157.632,157.22030404013248,157.22030404013248,158.86708787960256,SL,-1.0000000000000204
B_l25_atr150_rr300,2024-06-11 08:00:00+00:00,2024-06-11 08:00:00+00:00,2024-06-12 12:00:00+00:00,1,157.344,156.7210173616179,156.7210173616179,159.2129479151463,SL,-1.0000000000000027
B_l25_atr150_rr300,2024-06-20 08:00:00+00:00,2024-06-20 08:00:00+00:00,2024-06-21 15:00:00+00:00,1,158.278,159.61024354561846,157.83391881812716,159.61024354561846,TP,3.000000000000014
B_l25_atr150_rr300,2024-06-26 12:00:00+00:00,2024-06-26 12:00:00+00:00,2024-06-28 16:00:00+00:00,1,160.309,160.881,159.83608700922053,161.7277389723384,FRIDAY,1.2095248198981052
B_l25_atr150_rr300,2024-07-03 08:00:00+00:00,2024-07-03 08:00:00+00:00,2024-07-03 14:00:00+00:00,1,161.773,161.3346036570035,161.3346036570035,163.08818902898946,SL,-1.0000000000000313
B_l25_atr150_rr300,2024-07-10 16:00:00+00:00,2024-07-10 16:00:00+00:00,2024-07-11 12:00:00+00:00,1,161.743,161.26107539970965,161.26107539970965,163.188773800871,SL,-1.0000000000000109
B_l25_atr150_rr300,2024-09-04 16:00:00+00:00,2024-09-04 16:00:00+00:00,2024-09-06 16:00:00+00:00,-1,144.307,142.148,145.23421126495822,141.5253662051253,FRIDAY,2.3284876722213275
B_l25_atr150_rr300,2024-09-16 08:00:00+00:00,2024-09-16 08:00:00+00:00,2024-09-16 15:00:00+00:00,-1,139.876,140.9082839966385,140.9082839966385,136.7791480100846,SL,-1.0000000000000138
B_l25_atr150_rr300,2024-11-13 08:00:00+00:00,2024-11-13 08:00:00+00:00,2024-11-13 14:00:00+00:00,1,155.117,154.38214151485835,154.38214151485835,157.32157545542495,SL,-0.9999999999999811
B_l25_atr150_rr300,2024-12-13 12:00:00+00:00,2024-12-13 12:00:00+00:00,2024-12-13 16:00:00+00:00,1,153.63,153.662,152.79530054307207,156.13409837078373,FRIDAY,0.03833715205444817
B_l25_atr150_rr300,2024-12-16 16:00:00+00:00,2024-12-16 16:00:00+00:00,2024-12-17 16:00:00+00:00,1,154.24,153.44428509990593,153.44428509990593,156.62714470028223,SL,-1.0000000000000115
B_l25_atr150_rr300,2024-12-19 16:00:00+00:00,2024-12-19 16:00:00+00:00,2024-12-20 09:00:00+00:00,1,157.716,156.70678492393347,156.70678492393347,160.74364522819963,SL,-1.000000000000003
B_l25_atr150_rr300,2024-12-26 16:00:00+00:00,2024-12-26 16:00:00+00:00,2024-12-27 16:00:00+00:00,1,158.075,157.569,157.46392099055657,159.9082370283302,FRIDAY,-0.8280434971263132
B_l25_atr150_rr300,2025-04-03 12:00:00+00:00,2025-04-03 12:00:00+00:00,2025-04-04 16:00:00+00:00,-1,146.038,145.932,147.1819232272355,142.6062303182935,FRIDAY,0.09266356122184168
B_l25_atr150_rr300,2025-04-11 08:00:00+00:00,2025-04-11 08:00:00+00:00,2025-04-11 16:00:00+00:00,-1,142.834,143.587,144.53724042138197,137.72427873585414,FRIDAY,-0.44209847919709705
B_l25_atr150_rr300,2025-04-21 08:00:00+00:00,2025-04-21 08:00:00+00:00,2025-04-22 18:00:00+00:00,-1,140.556,141.46456921925042,141.46456921925042,137.83029234224875,SL,-0.9999999999999919
B_l25_atr150_rr300,2025-05-20 08:00:00+00:00,2025-05-20 08:00:00+00:00,2025-05-23 16:00:00+00:00,-1,144.127,142.616,144.99089244975906,141.5353226507229,FRIDAY,1.7490603146508015
B_l25_atr150_rr300,2025-07-01 08:00:00+00:00,2025-07-01 08:00:00+00:00,2025-07-02 05:00:00+00:00,-1,143.073,143.8175134983156,143.8175134983156,140.83945950505318,SL,-0.9999999999999922
B_l25_atr150_rr300,2025-10-09 08:00:00+00:00,2025-10-09 08:00:00+00:00,2025-10-09 13:00:00+00:00,1,153.069,152.34553230071586,152.34553230071586,155.23940309785235,SL,-1.0000000000000089
B_l25_atr150_rr300,2025-10-21 12:00:00+00:00,2025-10-21 12:00:00+00:00,2025-10-24 16:00:00+00:00,1,151.951,152.823,151.14633557127743,154.36499328616765,FRIDAY,1.0836815557814077
B_l25_atr150_rr300,2025-10-30 08:00:00+00:00,2025-10-30 08:00:00+00:00,2025-10-31 16:00:00+00:00,1,153.406,154.043,152.5761127328045,155.89566180158653,FRIDAY,0.7675741334755668
B_l25_atr150_rr300,2025-11-12 08:00:00+00:00,2025-11-12 08:00:00+00:00,2025-11-14 12:00:00+00:00,1,154.624,154.076614683624,154.076614683624,156.266155949128,SL,-0.999999999999976
B_l25_atr150_rr300,2025-11-17 16:00:00+00:00,2025-11-17 16:00:00+00:00,2025-11-19 19:00:00+00:00,1,155.2,156.984379318139,154.60520689395366,156.984379318139,TP,3.00000000000002
B_l25_atr150_rr300,2025-12-09 08:00:00+00:00,2025-12-09 08:00:00+00:00,2025-12-10 23:00:00+00:00,1,156.194,155.64272707127944,155.64272707127944,157.84781878616164,SL,-1.0000000000000078
B_l25_atr150_rr300,2025-12-19 12:00:00+00:00,2025-12-19 12:00:00+00:00,2025-12-19 16:00:00+00:00,1,157.322,157.47,156.6610191396139,159.30494258115831,FRIDAY,0.2239096604303252
B_l25_atr150_rr300,2025-12-31 16:00:00+00:00,2025-12-31 16:00:00+00:00,2026-01-02 16:00:00+00:00,1,156.744,156.587,156.23069608413257,158.28391174760225,FRIDAY,-0.30586168378377177
B_l25_atr150_rr300,2026-01-09 08:00:00+00:00,2026-01-09 08:00:00+00:00,2026-01-09 16:00:00+00:00,1,157.481,157.871,157.00377509655968,158.91267471032097,FRIDAY,0.8172247449546157
B_l25_atr150_rr300,2026-01-13 08:00:00+00:00,2026-01-13 08:00:00+00:00,2026-01-14 12:00:00+00:00,1,158.945,158.36798748239596,158.36798748239596,160.67603755281212,SL,-0.9999999999999803
B_l25_atr150_rr300,2026-01-22 08:00:00+00:00,2026-01-22 08:00:00+00:00,2026-01-23 07:00:00+00:00,1,158.783,158.1721956676682,158.1721956676682,160.61541299699533,SL,-0.9999999999999963
B_l25_atr150_rr300,2026-03-02 08:00:00+00:00,2026-03-02 08:00:00+00:00,2026-03-06 16:00:00+00:00,1,156.987,157.585,156.25237201706696,159.19088394879913,FRIDAY,0.8140174535857805
B_l25_atr150_rr300,2026-03-13 08:00:00+00:00,2026-03-13 08:00:00+00:00,2026-03-13 16:00:00+00:00,1,159.44,159.541,158.79949478146327,161.3615156556102,FRIDAY,0.1576880204516343
B_l25_atr150_rr300,2026-03-27 08:00:00+00:00,2026-03-27 08:00:00+00:00,2026-03-27 16:00:00+00:00,1,159.951,160.162,159.3694121650323,161.69576350490308,FRIDAY,0.3627998856126932
B_l25_atr150_rr300,2026-04-29 12:00:00+00:00,2026-04-29 12:00:00+00:00,2026-04-30 09:00:00+00:00,1,159.849,159.43530720330332,159.43530720330332,161.09007839008999,SL,-1.0000000000000029
B_l25_atr150_rr300,2026-05-26 16:00:00+00:00,2026-05-26 16:00:00+00:00,2026-05-29 16:00:00+00:00,1,159.365,159.23,159.07253545020265,160.24239364939206,FRIDAY,-0.461594405522173
B_l25_atr150_rr300,2026-06-01 16:00:00+00:00,2026-06-01 16:00:00+00:00,2026-06-03 08:00:00+00:00,1,159.661,159.3988958697109,159.3988958697109,160.4473123908673,SL,-0.9999999999999645
B_l25_atr150_rr300,2026-06-10 12:00:00+00:00,2026-06-10 12:00:00+00:00,2026-06-11 17:00:00+00:00,1,160.501,160.226551837717,160.226551837717,161.324344486849,SL,-0.999999999999987
B_l25_atr150_rr300,2026-06-30 12:00:00+00:00,2026-06-30 12:00:00+00:00,2026-06-30 12:00:00+00:00,1,162.416,162.12345832601738,162.12345832601738,163.2936250219478,SL,-1.0000000000000315
B_l25_atr150_rr300,2026-07-08 16:00:00+00:00,2026-07-08 16:00:00+00:00,2026-07-10 00:00:00+00:00,1,162.674,162.17859272075984,162.17859272075984,164.1602218377205,SL,-1.0000000000000049
B_l25_atr150_rr300,2026-07-20 16:00:00+00:00,2026-07-20 16:00:00+00:00,2026-07-23 11:00:00+00:00,1,162.573,163.59696265015597,162.23167911661469,163.59696265015597,TP,2.9999999999999853
B_l25_atr150_rr300,2026-07-23 12:00:00+00:00,2026-07-23 12:00:00+00:00,2026-07-24 16:00:00+00:00,1,163.494,163.709,163.1598018938007,164.4965943185979,FRIDAY,0.6433309944365562
