event,pair,event_count
asia_extreme_down,AUDJPY,191301
asia_extreme_down,AUDUSD,185793
asia_extreme_down,CADJPY,173007
asia_extreme_down,CHFJPY,173698
asia_extreme_down,EURAUD,204965
asia_extreme_down,EURGBP,125823
asia_extreme_down,EURJPY,179587
asia_extreme_down,EURUSD,142640
asia_extreme_down,GBPAUD,203263
asia_extreme_down,GBPJPY,172926
asia_extreme_down,GBPUSD,138483
asia_extreme_down,NZDUSD,173759
asia_extreme_down,USDCAD,159780
asia_extreme_down,USDCHF,148443
asia_extreme_down,USDJPY,200783
asia_extreme_up,AUDJPY,218433
asia_extreme_up,AUDUSD,223905
asia_extreme_up,CADJPY,177038
asia_extreme_up,CHFJPY,169388
asia_extreme_up,EURAUD,183105
asia_extreme_up,EURGBP,146164
asia_extreme_up,EURJPY,183498
asia_extreme_up,EURUSD,170667
asia_extreme_up,GBPAUD,169417
asia_extreme_up,GBPJPY,180696
asia_extreme_up,GBPUSD,155534
asia_extreme_up,NZDUSD,206664
asia_extreme_up,USDCAD,142599
asia_extreme_up,USDCHF,146692
asia_extreme_up,USDJPY,196077
asia_range_break_down,AUDJPY,144402
asia_range_break_down,AUDUSD,165335
asia_range_break_down,CADJPY,178010
asia_range_break_down,CHFJPY,184039
asia_range_break_down,EURAUD,183513
asia_range_break_down,EURGBP,223565
asia_range_break_down,EURJPY,178733
asia_range_break_down,EURUSD,217906
asia_range_break_down,GBPAUD,183830
asia_range_break_down,GBPJPY,182845
asia_range_break_down,GBPUSD,221566
asia_range_break_down,NZDUSD,168201
asia_range_break_down,USDCAD,195708
asia_range_break_down,USDCHF,197242
asia_range_break_down,USDJPY,155983
asia_range_break_up,AUDJPY,168888
asia_range_break_up,AUDUSD,166644
asia_range_break_up,CADJPY,188500
asia_range_break_up,CHFJPY,183583
asia_range_break_up,EURAUD,165191
asia_range_break_up,EURGBP,217230
asia_range_break_up,EURJPY,187775
asia_range_break_up,EURUSD,202833
asia_range_break_up,GBPAUD,174618
asia_range_break_up,GBPJPY,194666
asia_range_break_up,GBPUSD,207856
asia_range_break_up,NZDUSD,178208
asia_range_break_up,USDCAD,217261
asia_range_break_up,USDCHF,221912
asia_range_break_up,USDJPY,181959
asia_sweep_high,AUDJPY,23017
asia_sweep_high,AUDUSD,20691
asia_sweep_high,CADJPY,24561
asia_sweep_high,CHFJPY,24375
asia_sweep_high,EURAUD,20476
asia_sweep_high,EURGBP,22733
asia_sweep_high,EURJPY,21963
asia_sweep_high,EURUSD,21737
asia_sweep_high,GBPAUD,20937
asia_sweep_high,GBPJPY,22103
asia_sweep_high,GBPUSD,21755
asia_sweep_high,NZDUSD,22061
asia_sweep_high,USDCAD,24668
asia_sweep_high,USDCHF,24788
asia_sweep_high,USDJPY,18750
asia_sweep_low,AUDJPY,19715
asia_sweep_low,AUDUSD,17916
asia_sweep_low,CADJPY,22360
asia_sweep_low,CHFJPY,22942
asia_sweep_low,EURAUD,22615
asia_sweep_low,EURGBP,22057
asia_sweep_low,EURJPY,20436
asia_sweep_low,EURUSD,21414
asia_sweep_low,GBPAUD,21749
asia_sweep_low,GBPJPY,21723
asia_sweep_low,GBPUSD,22798
asia_sweep_low,NZDUSD,20672
asia_sweep_low,USDCAD,24066
asia_sweep_low,USDCHF,22862
asia_sweep_low,USDJPY,18576
atr_compression,AUDJPY,144838
atr_compression,AUDUSD,138820
atr_compression,CADJPY,145009
atr_compression,CHFJPY,144068
atr_compression,EURAUD,140412
atr_compression,EURGBP,145611
atr_compression,EURJPY,144572
atr_compression,EURUSD,143131
atr_compression,GBPAUD,140188
atr_compression,GBPJPY,144799
atr_compression,GBPUSD,145119
atr_compression,NZDUSD,142500
atr_compression,USDCAD,140630
atr_compression,USDCHF,143964
atr_compression,USDJPY,149382
atr_expansion,AUDJPY,131367
atr_expansion,AUDUSD,133700
atr_expansion,CADJPY,130750
atr_expansion,CHFJPY,129390
atr_expansion,EURAUD,132868
atr_expansion,EURGBP,131671
atr_expansion,EURJPY,130954
atr_expansion,EURUSD,133628
atr_expansion,GBPAUD,135103
atr_expansion,GBPJPY,132049
atr_expansion,GBPUSD,133979
atr_expansion,NZDUSD,133717
atr_expansion,USDCAD,129678
atr_expansion,USDCHF,132497
atr_expansion,USDJPY,127821
breaker_down,AUDJPY,33797
breaker_down,AUDUSD,34992
breaker_down,CADJPY,34527
breaker_down,CHFJPY,34000
breaker_down,EURAUD,34000
breaker_down,EURGBP,31599
breaker_down,EURJPY,33901
breaker_down,EURUSD,33715
breaker_down,GBPAUD,34137
breaker_down,GBPJPY,33718
breaker_down,GBPUSD,33442
breaker_down,NZDUSD,35132
breaker_down,USDCAD,35169
breaker_down,USDCHF,34043
breaker_down,USDJPY,33894
breaker_up,AUDJPY,33976
breaker_up,AUDUSD,35128
breaker_up,CADJPY,34518
breaker_up,CHFJPY,34330
breaker_up,EURAUD,34289
breaker_up,EURGBP,33039
breaker_up,EURJPY,33999
breaker_up,EURUSD,33313
breaker_up,GBPAUD,34328
breaker_up,GBPJPY,33896
breaker_up,GBPUSD,33645
breaker_up,NZDUSD,35289
breaker_up,USDCAD,35980
breaker_up,USDCHF,34900
breaker_up,USDJPY,33909
divergence_AUDUSD_NZDUSD_convergence,AUDUSD,91473
divergence_AUDUSD_NZDUSD_laggard,AUDUSD,45986
divergence_AUDUSD_NZDUSD_laggard,NZDUSD,45487
divergence_AUDUSD_NZDUSD_leader,AUDUSD,45487
divergence_AUDUSD_NZDUSD_leader,NZDUSD,45986
divergence_EURJPY_GBPJPY_convergence,EURJPY,91485
divergence_EURJPY_GBPJPY_laggard,EURJPY,45946
divergence_EURJPY_GBPJPY_laggard,GBPJPY,45539
divergence_EURJPY_GBPJPY_leader,EURJPY,45539
divergence_EURJPY_GBPJPY_leader,GBPJPY,45946
divergence_EURUSD_GBPUSD_convergence,EURUSD,91550
divergence_EURUSD_GBPUSD_laggard,EURUSD,45809
divergence_EURUSD_GBPUSD_laggard,GBPUSD,45741
divergence_EURUSD_GBPUSD_leader,EURUSD,45741
divergence_EURUSD_GBPUSD_leader,GBPUSD,45809
fvg_down,AUDJPY,54342
fvg_down,AUDUSD,61031
fvg_down,CADJPY,55954
fvg_down,CHFJPY,52774
fvg_down,EURAUD,54880
fvg_down,EURGBP,51377
fvg_down,EURJPY,55253
fvg_down,EURUSD,59495
fvg_down,GBPAUD,54165
fvg_down,GBPJPY,54301
fvg_down,GBPUSD,59461
fvg_down,NZDUSD,62743
fvg_down,USDCAD,62395
fvg_down,USDCHF,59195
fvg_down,USDJPY,59153
fvg_down_h1_down,AUDJPY,27628
fvg_down_h1_down,AUDUSD,31091
fvg_down_h1_down,CADJPY,28950
fvg_down_h1_down,CHFJPY,26899
fvg_down_h1_down,EURAUD,28040
fvg_down_h1_down,EURGBP,25141
fvg_down_h1_down,EURJPY,27495
fvg_down_h1_down,EURUSD,30284
fvg_down_h1_down,GBPAUD,26840
fvg_down_h1_down,GBPJPY,27513
fvg_down_h1_down,GBPUSD,30889
fvg_down_h1_down,NZDUSD,31075
fvg_down_h1_down,USDCAD,30043
fvg_down_h1_down,USDCHF,28078
fvg_down_h1_down,USDJPY,29270
fvg_up,AUDJPY,57408
fvg_up,AUDUSD,61342
fvg_up,CADJPY,58061
fvg_up,CHFJPY,53552
fvg_up,EURAUD,54059
fvg_up,EURGBP,50959
fvg_up,EURJPY,58382
fvg_up,EURUSD,58751
fvg_up,GBPAUD,53202
fvg_up,GBPJPY,57763
fvg_up,GBPUSD,59479
fvg_up,NZDUSD,63170
fvg_up,USDCAD,64433
fvg_up,USDCHF,61945
fvg_up,USDJPY,64466
fvg_up_h1_up,AUDJPY,28885
fvg_up_h1_up,AUDUSD,29912
fvg_up_h1_up,CADJPY,29484
fvg_up_h1_up,CHFJPY,26569
fvg_up_h1_up,EURAUD,26720
fvg_up_h1_up,EURGBP,25993
fvg_up_h1_up,EURJPY,29788
fvg_up_h1_up,EURUSD,28550
fvg_up_h1_up,GBPAUD,27534
fvg_up_h1_up,GBPJPY,29711
fvg_up_h1_up,GBPUSD,29150
fvg_up_h1_up,NZDUSD,30793
fvg_up_h1_up,USDCAD,34328
fvg_up_h1_up,USDCHF,32636
fvg_up_h1_up,USDJPY,33817
jpy_basket_persistence,jpy,90731
jpy_breadth_pos_minus_neg,jpy,31121
jpy_residual_negative,AUDJPY,1593
jpy_residual_negative,CADJPY,1391
jpy_residual_negative,CHFJPY,1239
jpy_residual_negative,EURJPY,762
jpy_residual_negative,GBPJPY,1281
jpy_residual_positive,AUDJPY,1756
jpy_residual_positive,CADJPY,1391
jpy_residual_positive,CHFJPY,1130
jpy_residual_positive,EURJPY,806
jpy_residual_positive,GBPJPY,1342
jpy_strong_minus_weak_change,jpy,90731
jpy_strongest,AUDJPY,22312
jpy_strongest,CADJPY,18458
jpy_strongest,CHFJPY,17691
jpy_strongest,EURJPY,14272
jpy_strongest,GBPJPY,17998
jpy_weakest,AUDJPY,22957
jpy_weakest,CADJPY,18091
jpy_weakest,CHFJPY,17006
jpy_weakest,EURJPY,14459
jpy_weakest,GBPJPY,18218
london_body_extreme_down,AUDJPY,142837
london_body_extreme_down,AUDUSD,175844
london_body_extreme_down,CADJPY,156545
london_body_extreme_down,CHFJPY,180159
london_body_extreme_down,EURAUD,200752
london_body_extreme_down,EURGBP,214264
london_body_extreme_down,EURJPY,189316
london_body_extreme_down,EURUSD,221981
london_body_extreme_down,GBPAUD,192419
london_body_extreme_down,GBPJPY,182020
london_body_extreme_down,GBPUSD,206206
london_body_extreme_down,NZDUSD,173988
london_body_extreme_down,USDCAD,183730
london_body_extreme_down,USDCHF,166037
london_body_extreme_down,USDJPY,143253
london_body_extreme_up,AUDJPY,161221
london_body_extreme_up,AUDUSD,166838
london_body_extreme_up,CADJPY,169394
london_body_extreme_up,CHFJPY,168605
london_body_extreme_up,EURAUD,162748
london_body_extreme_up,EURGBP,198488
london_body_extreme_up,EURJPY,159716
london_body_extreme_up,EURUSD,160869
london_body_extreme_up,GBPAUD,183271
london_body_extreme_up,GBPJPY,178461
london_body_extreme_up,GBPUSD,184113
london_body_extreme_up,NZDUSD,163013
london_body_extreme_up,USDCAD,192220
london_body_extreme_up,USDCHF,213053
london_body_extreme_up,USDJPY,173260
london_body_range_break_down,AUDJPY,178154
london_body_range_break_down,AUDUSD,193121
london_body_range_break_down,CADJPY,184331
london_body_range_break_down,CHFJPY,165209
london_body_range_break_down,EURAUD,168110
london_body_range_break_down,EURGBP,150475
london_body_range_break_down,EURJPY,165953
london_body_range_break_down,EURUSD,166146
london_body_range_break_down,GBPAUD,163283
london_body_range_break_down,GBPJPY,158555
london_body_range_break_down,GBPUSD,162705
london_body_range_break_down,NZDUSD,189993
london_body_range_break_down,USDCAD,180847
london_body_range_break_down,USDCHF,172489
london_body_range_break_down,USDJPY,179268
london_body_range_break_up,AUDJPY,193548
london_body_range_break_up,AUDUSD,173313
london_body_range_break_up,CADJPY,193249
london_body_range_break_up,CHFJPY,171786
london_body_range_break_up,EURAUD,178068
london_body_range_break_up,EURGBP,155249
london_body_range_break_up,EURJPY,187656
london_body_range_break_up,EURUSD,176605
london_body_range_break_up,GBPAUD,177469
london_body_range_break_up,GBPJPY,175585
london_body_range_break_up,GBPUSD,160421
london_body_range_break_up,NZDUSD,179927
london_body_range_break_up,USDCAD,193323
london_body_range_break_up,USDCHF,172263
london_body_range_break_up,USDJPY,204748
london_body_sweep_high,AUDJPY,27756
london_body_sweep_high,AUDUSD,23073
london_body_sweep_high,CADJPY,23693
london_body_sweep_high,CHFJPY,26392
london_body_sweep_high,EURAUD,23606
london_body_sweep_high,EURGBP,22309
london_body_sweep_high,EURJPY,23057
london_body_sweep_high,EURUSD,20182
london_body_sweep_high,GBPAUD,24734
london_body_sweep_high,GBPJPY,23202
london_body_sweep_high,GBPUSD,19510
london_body_sweep_high,NZDUSD,24044
london_body_sweep_high,USDCAD,21900
london_body_sweep_high,USDCHF,22101
london_body_sweep_high,USDJPY,21298
london_body_sweep_low,AUDJPY,25090
london_body_sweep_low,AUDUSD,23914
london_body_sweep_low,CADJPY,24553
london_body_sweep_low,CHFJPY,24969
london_body_sweep_low,EURAUD,25943
london_body_sweep_low,EURGBP,21755
london_body_sweep_low,EURJPY,23069
london_body_sweep_low,EURUSD,20640
london_body_sweep_low,GBPAUD,24677
london_body_sweep_low,GBPJPY,22876
london_body_sweep_low,GBPUSD,20680
london_body_sweep_low,NZDUSD,24211
london_body_sweep_low,USDCAD,18038
london_body_sweep_low,USDCHF,19985
london_body_sweep_low,USDJPY,21174
london_open_extreme_down,AUDJPY,130394
london_open_extreme_down,AUDUSD,148415
london_open_extreme_down,CADJPY,127640
london_open_extreme_down,CHFJPY,149396
london_open_extreme_down,EURAUD,162846
london_open_extreme_down,EURGBP,173501
london_open_extreme_down,EURJPY,148848
london_open_extreme_down,EURUSD,171947
london_open_extreme_down,GBPAUD,162462
london_open_extreme_down,GBPJPY,158740
london_open_extreme_down,GBPUSD,186781
london_open_extreme_down,NZDUSD,135111
london_open_extreme_down,USDCAD,129799
london_open_extreme_down,USDCHF,163612
london_open_extreme_down,USDJPY,124480
london_open_extreme_up,AUDJPY,144423
london_open_extreme_up,AUDUSD,145067
london_open_extreme_up,CADJPY,134007
london_open_extreme_up,CHFJPY,155647
london_open_extreme_up,EURAUD,157823
london_open_extreme_up,EURGBP,184498
london_open_extreme_up,EURJPY,163654
london_open_extreme_up,EURUSD,165040
london_open_extreme_up,GBPAUD,150347
london_open_extreme_up,GBPJPY,161961
london_open_extreme_up,GBPUSD,160558
london_open_extreme_up,NZDUSD,141817
london_open_extreme_up,USDCAD,155545
london_open_extreme_up,USDCHF,168689
london_open_extreme_up,USDJPY,158480
london_open_range_break_down,AUDJPY,186716
london_open_range_break_down,AUDUSD,207194
london_open_range_break_down,CADJPY,204620
london_open_range_break_down,CHFJPY,190772
london_open_range_break_down,EURAUD,210615
london_open_range_break_down,EURGBP,194986
london_open_range_break_down,EURJPY,189815
london_open_range_break_down,EURUSD,205632
london_open_range_break_down,GBPAUD,200625
london_open_range_break_down,GBPJPY,188472
london_open_range_break_down,GBPUSD,209755
london_open_range_break_down,NZDUSD,209203
london_open_range_break_down,USDCAD,212211
london_open_range_break_down,USDCHF,189881
london_open_range_break_down,USDJPY,188167
london_open_range_break_up,AUDJPY,208110
london_open_range_break_up,AUDUSD,195378
london_open_range_break_up,CADJPY,216081
london_open_range_break_up,CHFJPY,189628
london_open_range_break_up,EURAUD,194848
london_open_range_break_up,EURGBP,191447
london_open_range_break_up,EURJPY,197434
london_open_range_break_up,EURUSD,191364
london_open_range_break_up,GBPAUD,199382
london_open_range_break_up,GBPJPY,198748
london_open_range_break_up,GBPUSD,191391
london_open_range_break_up,NZDUSD,198260
london_open_range_break_up,USDCAD,227947
london_open_range_break_up,USDCHF,207056
london_open_range_break_up,USDJPY,219200
london_open_sweep_high,AUDJPY,29515
london_open_sweep_high,AUDUSD,25943
london_open_sweep_high,CADJPY,28044
london_open_sweep_high,CHFJPY,28018
london_open_sweep_high,EURAUD,24603
london_open_sweep_high,EURGBP,22494
london_open_sweep_high,EURJPY,25748
london_open_sweep_high,EURUSD,22290
london_open_sweep_high,GBPAUD,25653
london_open_sweep_high,GBPJPY,24709
london_open_sweep_high,GBPUSD,21479
london_open_sweep_high,NZDUSD,25130
london_open_sweep_high,USDCAD,26503
london_open_sweep_high,USDCHF,24172
london_open_sweep_high,USDJPY,24116
london_open_sweep_low,AUDJPY,26772
london_open_sweep_low,AUDUSD,24941
london_open_sweep_low,CADJPY,27143
london_open_sweep_low,CHFJPY,26286
london_open_sweep_low,EURAUD,25647
london_open_sweep_low,EURGBP,22136
london_open_sweep_low,EURJPY,23182
london_open_sweep_low,EURUSD,22474
london_open_sweep_low,GBPAUD,25847
london_open_sweep_low,GBPJPY,24269
london_open_sweep_low,GBPUSD,21784
london_open_sweep_low,NZDUSD,25819
london_open_sweep_low,USDCAD,25239
london_open_sweep_low,USDCHF,22848
london_open_sweep_low,USDJPY,23516
m15_shock_down_0_5_1_0,AUDJPY,81721
m15_shock_down_0_5_1_0,AUDUSD,84142
m15_shock_down_0_5_1_0,CADJPY,80892
m15_shock_down_0_5_1_0,CHFJPY,81001
m15_shock_down_0_5_1_0,EURAUD,83463
m15_shock_down_0_5_1_0,EURGBP,76184
m15_shock_down_0_5_1_0,EURJPY,80289
m15_shock_down_0_5_1_0,EURUSD,77625
m15_shock_down_0_5_1_0,GBPAUD,81818
m15_shock_down_0_5_1_0,GBPJPY,79063
m15_shock_down_0_5_1_0,GBPUSD,77614
m15_shock_down_0_5_1_0,NZDUSD,84544
m15_shock_down_0_5_1_0,USDCAD,81364
m15_shock_down_0_5_1_0,USDCHF,77455
m15_shock_down_0_5_1_0,USDJPY,80160
m15_shock_down_1_0_1_5,AUDJPY,21848
m15_shock_down_1_0_1_5,AUDUSD,23620
m15_shock_down_1_0_1_5,CADJPY,23784
m15_shock_down_1_0_1_5,CHFJPY,21864
m15_shock_down_1_0_1_5,EURAUD,21749
m15_shock_down_1_0_1_5,EURGBP,21763
m15_shock_down_1_0_1_5,EURJPY,22690
m15_shock_down_1_0_1_5,EURUSD,23780
m15_shock_down_1_0_1_5,GBPAUD,22427
m15_shock_down_1_0_1_5,GBPJPY,22690
m15_shock_down_1_0_1_5,GBPUSD,23487
m15_shock_down_1_0_1_5,NZDUSD,25638
m15_shock_down_1_0_1_5,USDCAD,25679
m15_shock_down_1_0_1_5,USDCHF,23947
m15_shock_down_1_0_1_5,USDJPY,22902
m15_shock_down_1_5_2_0,AUDJPY,5819
m15_shock_down_1_5_2_0,AUDUSD,6349
m15_shock_down_1_5_2_0,CADJPY,6017
m15_shock_down_1_5_2_0,CHFJPY,5575
m15_shock_down_1_5_2_0,EURAUD,5299
m15_shock_down_1_5_2_0,EURGBP,6470
m15_shock_down_1_5_2_0,EURJPY,6332
m15_shock_down_1_5_2_0,EURUSD,7320
m15_shock_down_1_5_2_0,GBPAUD,5318
m15_shock_down_1_5_2_0,GBPJPY,6082
m15_shock_down_1_5_2_0,GBPUSD,7327
m15_shock_down_1_5_2_0,NZDUSD,6229
m15_shock_down_1_5_2_0,USDCAD,7967
m15_shock_down_1_5_2_0,USDCHF,7396
m15_shock_down_1_5_2_0,USDJPY,6503
m15_shock_down_gt_2_0,AUDJPY,2750
m15_shock_down_gt_2_0,AUDUSD,3471
m15_shock_down_gt_2_0,CADJPY,2931
m15_shock_down_gt_2_0,CHFJPY,2570
m15_shock_down_gt_2_0,EURAUD,2487
m15_shock_down_gt_2_0,EURGBP,3619
m15_shock_down_gt_2_0,EURJPY,3157
m15_shock_down_gt_2_0,EURUSD,4034
m15_shock_down_gt_2_0,GBPAUD,2624
m15_shock_down_gt_2_0,GBPJPY,3064
m15_shock_down_gt_2_0,GBPUSD,4325
m15_shock_down_gt_2_0,NZDUSD,2953
m15_shock_down_gt_2_0,USDCAD,3467
m15_shock_down_gt_2_0,USDCHF,4411
m15_shock_down_gt_2_0,USDJPY,3635
m15_shock_up_0_5_1_0,AUDJPY,86477
m15_shock_up_0_5_1_0,AUDUSD,84651
m15_shock_up_0_5_1_0,CADJPY,84837
m15_shock_up_0_5_1_0,CHFJPY,81670
m15_shock_up_0_5_1_0,EURAUD,81198
m15_shock_up_0_5_1_0,EURGBP,75091
m15_shock_up_0_5_1_0,EURJPY,83068
m15_shock_up_0_5_1_0,EURUSD,78318
m15_shock_up_0_5_1_0,GBPAUD,80676
m15_shock_up_0_5_1_0,GBPJPY,83138
m15_shock_up_0_5_1_0,GBPUSD,76770
m15_shock_up_0_5_1_0,NZDUSD,85257
m15_shock_up_0_5_1_0,USDCAD,80450
m15_shock_up_0_5_1_0,USDCHF,79090
m15_shock_up_0_5_1_0,USDJPY,84779
m15_shock_up_1_0_1_5,AUDJPY,21975
m15_shock_up_1_0_1_5,AUDUSD,24310
m15_shock_up_1_0_1_5,CADJPY,22455
m15_shock_up_1_0_1_5,CHFJPY,21660
m15_shock_up_1_0_1_5,EURAUD,22167
m15_shock_up_1_0_1_5,EURGBP,21949
m15_shock_up_1_0_1_5,EURJPY,21917
m15_shock_up_1_0_1_5,EURUSD,23189
m15_shock_up_1_0_1_5,GBPAUD,21581
m15_shock_up_1_0_1_5,GBPJPY,21838
m15_shock_up_1_0_1_5,GBPUSD,23395
m15_shock_up_1_0_1_5,NZDUSD,25359
m15_shock_up_1_0_1_5,USDCAD,27309
m15_shock_up_1_0_1_5,USDCHF,25449
m15_shock_up_1_0_1_5,USDJPY,22433
m15_shock_up_1_5_2_0,AUDJPY,4637
m15_shock_up_1_5_2_0,AUDUSD,6054
m15_shock_up_1_5_2_0,CADJPY,5489
m15_shock_up_1_5_2_0,CHFJPY,5713
m15_shock_up_1_5_2_0,EURAUD,5701
m15_shock_up_1_5_2_0,EURGBP,6593
m15_shock_up_1_5_2_0,EURJPY,5997
m15_shock_up_1_5_2_0,EURUSD,6943
m15_shock_up_1_5_2_0,GBPAUD,5712
m15_shock_up_1_5_2_0,GBPJPY,5673
m15_shock_up_1_5_2_0,GBPUSD,7428
m15_shock_up_1_5_2_0,NZDUSD,6441
m15_shock_up_1_5_2_0,USDCAD,8033
m15_shock_up_1_5_2_0,USDCHF,7152
m15_shock_up_1_5_2_0,USDJPY,6010
m15_shock_up_gt_2_0,AUDJPY,2249
m15_shock_up_gt_2_0,AUDUSD,3063
m15_shock_up_gt_2_0,CADJPY,2468
m15_shock_up_gt_2_0,CHFJPY,2465
m15_shock_up_gt_2_0,EURAUD,3032
m15_shock_up_gt_2_0,EURGBP,4014
m15_shock_up_gt_2_0,EURJPY,2953
m15_shock_up_gt_2_0,EURUSD,4330
m15_shock_up_gt_2_0,GBPAUD,3013
m15_shock_up_gt_2_0,GBPJPY,2826
m15_shock_up_gt_2_0,GBPUSD,4355
m15_shock_up_gt_2_0,NZDUSD,3041
m15_shock_up_gt_2_0,USDCAD,3664
m15_shock_up_gt_2_0,USDCHF,3956
m15_shock_up_gt_2_0,USDJPY,3168
mss_down,AUDJPY,71089
mss_down,AUDUSD,76387
mss_down,CADJPY,73262
mss_down,CHFJPY,72023
mss_down,EURAUD,74976
mss_down,EURGBP,71634
mss_down,EURJPY,72018
mss_down,EURUSD,73931
mss_down,GBPAUD,74262
mss_down,GBPJPY,71146
mss_down,GBPUSD,74450
mss_down,NZDUSD,77355
mss_down,USDCAD,78612
mss_down,USDCHF,73477
mss_down,USDJPY,71074
mss_up,AUDJPY,75727
mss_up,AUDUSD,75995
mss_up,CADJPY,75854
mss_up,CHFJPY,71798
mss_up,EURAUD,72543
mss_up,EURGBP,68864
mss_up,EURJPY,74441
mss_up,EURUSD,73140
mss_up,GBPAUD,72361
mss_up,GBPJPY,74799
mss_up,GBPUSD,73256
mss_up,NZDUSD,76469
mss_up,USDCAD,80129
mss_up,USDCHF,75955
mss_up,USDJPY,77371
ny_open_extreme_down,AUDJPY,153366
ny_open_extreme_down,AUDUSD,181312
ny_open_extreme_down,CADJPY,184792
ny_open_extreme_down,CHFJPY,146683
ny_open_extreme_down,EURAUD,136472
ny_open_extreme_down,EURGBP,164369
ny_open_extreme_down,EURJPY,156517
ny_open_extreme_down,EURUSD,184548
ny_open_extreme_down,GBPAUD,136569
ny_open_extreme_down,GBPJPY,164647
ny_open_extreme_down,GBPUSD,182677
ny_open_extreme_down,NZDUSD,171295
ny_open_extreme_down,USDCAD,192284
ny_open_extreme_down,USDCHF,188097
ny_open_extreme_down,USDJPY,169241
ny_open_extreme_up,AUDJPY,127320
ny_open_extreme_up,AUDUSD,150011
ny_open_extreme_up,CADJPY,162200
ny_open_extreme_up,CHFJPY,159707
ny_open_extreme_up,EURAUD,173796
ny_open_extreme_up,EURGBP,180320
ny_open_extreme_up,EURJPY,160085
ny_open_extreme_up,EURUSD,192156
ny_open_extreme_up,GBPAUD,156762
ny_open_extreme_up,GBPJPY,149042
ny_open_extreme_up,GBPUSD,171972
ny_open_extreme_up,NZDUSD,157636
ny_open_extreme_up,USDCAD,210655
ny_open_extreme_up,USDCHF,182609
ny_open_extreme_up,USDJPY,164321
ny_open_range_break_down,AUDJPY,171576
ny_open_range_break_down,AUDUSD,184279
ny_open_range_break_down,CADJPY,164518
ny_open_range_break_down,CHFJPY,164612
ny_open_range_break_down,EURAUD,174812
ny_open_range_break_down,EURGBP,163924
ny_open_range_break_down,EURJPY,156523
ny_open_range_break_down,EURUSD,148907
ny_open_range_break_down,GBPAUD,175463
ny_open_range_break_down,GBPJPY,163378
ny_open_range_break_down,GBPUSD,157920
ny_open_range_break_down,NZDUSD,179239
ny_open_range_break_down,USDCAD,162129
ny_open_range_break_down,USDCHF,155685
ny_open_range_break_down,USDJPY,165375
ny_open_range_break_up,AUDJPY,197361
ny_open_range_break_up,AUDUSD,177584
ny_open_range_break_up,CADJPY,186415
ny_open_range_break_up,CHFJPY,177384
ny_open_range_break_up,EURAUD,181784
ny_open_range_break_up,EURGBP,166105
ny_open_range_break_up,EURJPY,194118
ny_open_range_break_up,EURUSD,167283
ny_open_range_break_up,GBPAUD,184981
ny_open_range_break_up,GBPJPY,192320
ny_open_range_break_up,GBPUSD,170186
ny_open_range_break_up,NZDUSD,178367
ny_open_range_break_up,USDCAD,161705
ny_open_range_break_up,USDCHF,160463
ny_open_range_break_up,USDJPY,192313
ny_open_sweep_high,AUDJPY,29275
ny_open_sweep_high,AUDUSD,25634
ny_open_sweep_high,CADJPY,26990
ny_open_sweep_high,CHFJPY,29093
ny_open_sweep_high,EURAUD,27274
ny_open_sweep_high,EURGBP,26718
ny_open_sweep_high,EURJPY,28634
ny_open_sweep_high,EURUSD,24994
ny_open_sweep_high,GBPAUD,28156
ny_open_sweep_high,GBPJPY,27816
ny_open_sweep_high,GBPUSD,25630
ny_open_sweep_high,NZDUSD,23763
ny_open_sweep_high,USDCAD,20524
ny_open_sweep_high,USDCHF,24257
ny_open_sweep_high,USDJPY,23598
ny_open_sweep_low,AUDJPY,27131
ny_open_sweep_low,AUDUSD,24985
ny_open_sweep_low,CADJPY,23256
ny_open_sweep_low,CHFJPY,29033
ny_open_sweep_low,EURAUD,27337
ny_open_sweep_low,EURGBP,26635
ny_open_sweep_low,EURJPY,25770
ny_open_sweep_low,EURUSD,22865
ny_open_sweep_low,GBPAUD,27814
ny_open_sweep_low,GBPJPY,27272
ny_open_sweep_low,GBPUSD,23951
ny_open_sweep_low,NZDUSD,25432
ny_open_sweep_low,USDCAD,21603
ny_open_sweep_low,USDCHF,23342
ny_open_sweep_low,USDJPY,23349
ob_candidate_down,AUDJPY,62909
ob_candidate_down,AUDUSD,67511
ob_candidate_down,CADJPY,64744
ob_candidate_down,CHFJPY,64230
ob_candidate_down,EURAUD,66110
ob_candidate_down,EURGBP,63300
ob_candidate_down,EURJPY,64222
ob_candidate_down,EURUSD,65800
ob_candidate_down,GBPAUD,65559
ob_candidate_down,GBPJPY,63470
ob_candidate_down,GBPUSD,65828
ob_candidate_down,NZDUSD,68024
ob_candidate_down,USDCAD,69029
ob_candidate_down,USDCHF,65548
ob_candidate_down,USDJPY,63387
ob_candidate_up,AUDJPY,66514
ob_candidate_up,AUDUSD,67414
ob_candidate_up,CADJPY,65994
ob_candidate_up,CHFJPY,63702
ob_candidate_up,EURAUD,64013
ob_candidate_up,EURGBP,60486
ob_candidate_up,EURJPY,65906
ob_candidate_up,EURUSD,65455
ob_candidate_up,GBPAUD,64570
ob_candidate_up,GBPJPY,66322
ob_candidate_up,GBPUSD,64798
ob_candidate_up,NZDUSD,67476
ob_candidate_up,USDCAD,70213
ob_candidate_up,USDCHF,66859
ob_candidate_up,USDJPY,68120
ote_down,AUDJPY,35
ote_down,AUDUSD,15
ote_down,CADJPY,20
ote_down,CHFJPY,30
ote_down,EURAUD,20
ote_down,EURGBP,12
ote_down,EURJPY,30
ote_down,EURUSD,10
ote_down,GBPAUD,30
ote_down,GBPJPY,30
ote_down,GBPUSD,25
ote_down,NZDUSD,45
ote_down,USDCAD,20
ote_down,USDCHF,50
ote_down,USDJPY,40
ote_up,AUDJPY,20
ote_up,AUDUSD,30
ote_up,CADJPY,15
ote_up,CHFJPY,25
ote_up,EURAUD,25
ote_up,EURGBP,10
ote_up,EURJPY,20
ote_up,EURUSD,15
ote_up,GBPAUD,15
ote_up,GBPJPY,5
ote_up,GBPUSD,17
ote_up,NZDUSD,35
ote_up,USDCAD,9
ote_up,USDCHF,10
ote_up,USDJPY,15
prior_sweep_high,AUDJPY,18074
prior_sweep_high,AUDUSD,16087
prior_sweep_high,CADJPY,18427
prior_sweep_high,CHFJPY,19174
prior_sweep_high,EURAUD,16388
prior_sweep_high,EURGBP,16605
prior_sweep_high,EURJPY,17805
prior_sweep_high,EURUSD,16142
prior_sweep_high,GBPAUD,18612
prior_sweep_high,GBPJPY,18003
prior_sweep_high,GBPUSD,15844
prior_sweep_high,NZDUSD,16777
prior_sweep_high,USDCAD,16955
prior_sweep_high,USDCHF,17694
prior_sweep_high,USDJPY,15413
prior_sweep_low,AUDJPY,15455
prior_sweep_low,AUDUSD,15986
prior_sweep_low,CADJPY,16360
prior_sweep_low,CHFJPY,17117
prior_sweep_low,EURAUD,17728
prior_sweep_low,EURGBP,17242
prior_sweep_low,EURJPY,14452
prior_sweep_low,EURUSD,15040
prior_sweep_low,GBPAUD,17588
prior_sweep_low,GBPJPY,15444
prior_sweep_low,GBPUSD,15147
prior_sweep_low,NZDUSD,16381
prior_sweep_low,USDCAD,16072
prior_sweep_low,USDCHF,14795
prior_sweep_low,USDJPY,14200
sweep_then_mss_down,AUDJPY,11859
sweep_then_mss_down,AUDUSD,12671
sweep_then_mss_down,CADJPY,14364
sweep_then_mss_down,CHFJPY,13697
sweep_then_mss_down,EURAUD,12235
sweep_then_mss_down,EURGBP,13473
sweep_then_mss_down,EURJPY,12221
sweep_then_mss_down,EURUSD,12948
sweep_then_mss_down,GBPAUD,12069
sweep_then_mss_down,GBPJPY,12245
sweep_then_mss_down,GBPUSD,13124
sweep_then_mss_down,NZDUSD,13802
sweep_then_mss_down,USDCAD,16074
sweep_then_mss_down,USDCHF,14586
sweep_then_mss_down,USDJPY,10709
sweep_then_mss_up,AUDJPY,11465
sweep_then_mss_up,AUDUSD,11176
sweep_then_mss_up,CADJPY,13769
sweep_then_mss_up,CHFJPY,13152
sweep_then_mss_up,EURAUD,12390
sweep_then_mss_up,EURGBP,12635
sweep_then_mss_up,EURJPY,11992
sweep_then_mss_up,EURUSD,12145
sweep_then_mss_up,GBPAUD,12913
sweep_then_mss_up,GBPJPY,12646
sweep_then_mss_up,GBPUSD,13398
sweep_then_mss_up,NZDUSD,13212
sweep_then_mss_up,USDCAD,16102
sweep_then_mss_up,USDCHF,14173
sweep_then_mss_up,USDJPY,11070
usd_basket_persistence,usd,90704
usd_breadth_pos_minus_neg,usd,31114
usd_residual_negative,AUDUSD,1647
usd_residual_negative,EURUSD,1909
usd_residual_negative,GBPUSD,2878
usd_residual_negative,NZDUSD,1662
usd_residual_negative,USDCAD,2842
usd_residual_negative,USDCHF,2290
usd_residual_negative,USDJPY,3555
usd_residual_positive,AUDUSD,1935
usd_residual_positive,EURUSD,1896
usd_residual_positive,GBPUSD,2954
usd_residual_positive,NZDUSD,1700
usd_residual_positive,USDCAD,2980
usd_residual_positive,USDCHF,2180
usd_residual_positive,USDJPY,3459
usd_strong_minus_weak_change,usd,90704
usd_strongest,AUDUSD,11560
usd_strongest,EURUSD,9465
usd_strongest,GBPUSD,13366
usd_strongest,NZDUSD,12103
usd_strongest,USDCAD,14842
usd_strongest,USDCHF,11120
usd_strongest,USDJPY,18248
usd_weakest,AUDUSD,12054
usd_weakest,EURUSD,9912
usd_weakest,GBPUSD,13894
usd_weakest,NZDUSD,12940
usd_weakest,USDCAD,14474
usd_weakest,USDCHF,10235
usd_weakest,USDJPY,17195
