hypothesis,family,pair,signal_dt,entry_dt,exit_dt,side,r,reason,ambiguous_stop_first
S2R2-02,late_london_exhaustion,EURUSD,2013-02-07 14:45:00+00:00,2013-02-07 15:00:00+00:00,2013-02-07 15:00:00+00:00,1,-0.9999999999999888,SL,False
S2R2-02,late_london_exhaustion,EURUSD,2013-02-07 15:15:00+00:00,2013-02-07 15:30:00+00:00,2013-02-07 15:45:00+00:00,1,-0.9999999999999897,SL,False
S2R2-02,late_london_exhaustion,EURUSD,2013-02-07 15:45:00+00:00,2013-02-07 16:00:00+00:00,2013-02-07 21:45:00+00:00,1,0.18627953889582988,TIME,False
S2R2-02,late_london_exhaustion,EURUSD,2013-03-01 15:15:00+00:00,2013-03-01 15:30:00+00:00,2013-03-01 16:00:00+00:00,1,0.4592095197620059,FRIDAY,False
S2R2-02,late_london_exhaustion,EURUSD,2013-03-07 15:15:00+00:00,2013-03-07 15:30:00+00:00,2013-03-07 21:15:00+00:00,-1,-0.009939673114916905,TIME,False
S2R2-02,late_london_exhaustion,EURUSD,2013-03-08 14:15:00+00:00,2013-03-08 14:30:00+00:00,2013-03-08 16:00:00+00:00,1,-0.2363179032963045,FRIDAY,False
S2R2-02,late_london_exhaustion,EURUSD,2013-03-13 14:00:00+00:00,2013-03-13 14:15:00+00:00,2013-03-13 17:00:00+00:00,1,1.5,TP,False
S2R2-02,late_london_exhaustion,EURUSD,2013-04-05 14:45:00+00:00,2013-04-05 15:00:00+00:00,2013-04-05 16:00:00+00:00,-1,-0.10981262965451898,FRIDAY,False
S2R2-02,late_london_exhaustion,EURUSD,2013-04-16 14:30:00+00:00,2013-04-16 14:45:00+00:00,2013-04-16 16:00:00+00:00,-1,-0.9999999999999815,SL,False
S2R2-02,late_london_exhaustion,EURUSD,2013-04-17 14:45:00+00:00,2013-04-17 15:00:00+00:00,2013-04-17 16:45:00+00:00,1,-1.0000000000000282,SL,False
S2R2-02,late_london_exhaustion,EURUSD,2013-04-30 14:30:00+00:00,2013-04-30 14:45:00+00:00,2013-04-30 20:30:00+00:00,-1,-0.12583595741490478,TIME,False
S2R2-02,late_london_exhaustion,EURUSD,2013-05-02 14:30:00+00:00,2013-05-02 14:45:00+00:00,2013-05-02 20:30:00+00:00,1,-0.26921533971177813,TIME,False
S2R2-02,late_london_exhaustion,EURUSD,2013-05-03 14:00:00+00:00,2013-05-03 14:15:00+00:00,2013-05-03 16:00:00+00:00,-1,0.7410780856423174,FRIDAY,False
S2R2-02,late_london_exhaustion,EURUSD,2013-05-08 15:15:00+00:00,2013-05-08 15:30:00+00:00,2013-05-08 19:00:00+00:00,-1,1.500000000000018,TP,False
S2R2-02,late_london_exhaustion,EURUSD,2013-05-22 15:00:00+00:00,2013-05-22 15:15:00+00:00,2013-05-22 16:00:00+00:00,1,-1.0000000000000218,SL,False
S2R2-02,late_london_exhaustion,EURUSD,2013-06-21 14:45:00+00:00,2013-06-21 15:00:00+00:00,2013-06-21 15:00:00+00:00,1,-0.9999999999999688,SL,False
S2R2-02,late_london_exhaustion,EURUSD,2013-06-21 15:30:00+00:00,2013-06-21 15:45:00+00:00,2013-06-21 16:00:00+00:00,1,-0.009842239611666737,FRIDAY,False
S2R2-02,late_london_exhaustion,EURUSD,2013-07-09 15:15:00+00:00,2013-07-09 15:30:00+00:00,2013-07-09 15:30:00+00:00,1,-0.9999999999999463,SL,False
S2R2-02,late_london_exhaustion,EURUSD,2013-07-09 15:30:00+00:00,2013-07-09 15:45:00+00:00,2013-07-09 21:30:00+00:00,1,0.8803151154787174,TIME,False
S2R2-02,late_london_exhaustion,EURUSD,2013-08-29 15:00:00+00:00,2013-08-29 15:15:00+00:00,2013-08-29 17:30:00+00:00,1,1.500000000000067,TP,False
S2R2-02,late_london_exhaustion,EURUSD,2013-10-16 15:15:00+00:00,2013-10-16 15:30:00+00:00,2013-10-16 16:00:00+00:00,1,-0.999999999999959,SL,False
S2R2-02,late_london_exhaustion,EURUSD,2013-10-22 14:45:00+00:00,2013-10-22 15:00:00+00:00,2013-10-22 17:30:00+00:00,-1,-0.999999999999984,SL,False
S2R2-02,late_london_exhaustion,EURUSD,2013-10-31 14:00:00+00:00,2013-10-31 14:15:00+00:00,2013-10-31 15:30:00+00:00,1,-1.0000000000000369,SL,False
S2R2-02,late_london_exhaustion,EURUSD,2013-10-31 15:30:00+00:00,2013-10-31 15:45:00+00:00,2013-10-31 16:45:00+00:00,1,-1.0000000000000517,SL,False
S2R2-02,late_london_exhaustion,EURUSD,2013-11-08 15:30:00+00:00,2013-11-08 15:45:00+00:00,2013-11-08 16:00:00+00:00,1,0.28524459802355256,FRIDAY,False
S2R2-02,late_london_exhaustion,EURUSD,2013-12-05 14:15:00+00:00,2013-12-05 14:30:00+00:00,2013-12-05 15:00:00+00:00,-1,-1.000000000000013,SL,False
S2R2-02,late_london_exhaustion,EURUSD,2013-12-30 15:15:00+00:00,2013-12-30 15:30:00+00:00,2013-12-30 16:00:00+00:00,-1,-1.0000000000000606,SL,False
S2R2-02,late_london_exhaustion,EURUSD,2014-01-02 15:30:00+00:00,2014-01-02 15:45:00+00:00,2014-01-02 16:45:00+00:00,1,1.4999999999999847,TP,False
S2R2-02,late_london_exhaustion,EURUSD,2014-01-10 15:00:00+00:00,2014-01-10 15:15:00+00:00,2014-01-10 16:00:00+00:00,-1,0.0901995704782358,FRIDAY,False
S2R2-02,late_london_exhaustion,EURUSD,2014-01-15 15:00:00+00:00,2014-01-15 15:15:00+00:00,2014-01-15 21:00:00+00:00,1,1.2363804275885424,TIME,False
S2R2-02,late_london_exhaustion,EURUSD,2014-01-23 14:00:00+00:00,2014-01-23 14:15:00+00:00,2014-01-23 15:00:00+00:00,-1,-0.999999999999975,SL,False
S2R2-02,late_london_exhaustion,EURUSD,2014-01-23 15:15:00+00:00,2014-01-23 15:30:00+00:00,2014-01-23 18:30:00+00:00,-1,-0.9999999999999318,SL,False
S2R2-02,late_london_exhaustion,EURUSD,2014-01-30 14:30:00+00:00,2014-01-30 14:45:00+00:00,2014-01-30 16:00:00+00:00,1,-0.9999999999999772,SL,False
S2R2-02,late_london_exhaustion,EURUSD,2014-01-31 15:00:00+00:00,2014-01-31 15:15:00+00:00,2014-01-31 16:00:00+00:00,1,0.6935839951020114,FRIDAY,False
S2R2-02,late_london_exhaustion,EURUSD,2014-02-06 14:15:00+00:00,2014-02-06 14:30:00+00:00,2014-02-06 20:15:00+00:00,-1,0.6542467161574587,TIME,False
S2R2-02,late_london_exhaustion,EURUSD,2014-02-12 14:00:00+00:00,2014-02-12 14:15:00+00:00,2014-02-12 15:45:00+00:00,1,1.50000000000006,TP,False
S2R2-02,late_london_exhaustion,EURUSD,2014-02-26 15:15:00+00:00,2014-02-26 15:30:00+00:00,2014-02-26 21:15:00+00:00,1,0.9523100662612327,TIME,False
S2R2-02,late_london_exhaustion,EURUSD,2014-02-28 14:00:00+00:00,2014-02-28 14:15:00+00:00,2014-02-28 16:00:00+00:00,-1,0.28809039548022597,FRIDAY,False
S2R2-02,late_london_exhaustion,EURUSD,2014-03-06 14:00:00+00:00,2014-03-06 14:15:00+00:00,2014-03-06 14:30:00+00:00,-1,-0.999999999999975,SL,False
S2R2-02,late_london_exhaustion,EURUSD,2014-03-06 15:00:00+00:00,2014-03-06 15:15:00+00:00,2014-03-06 17:15:00+00:00,-1,-0.9999999999999776,SL,False
S2R2-02,late_london_exhaustion,EURUSD,2014-03-14 14:15:00+00:00,2014-03-14 14:30:00+00:00,2014-03-14 15:15:00+00:00,-1,1.5,TP,False
S2R2-02,late_london_exhaustion,EURUSD,2014-03-20 14:00:00+00:00,2014-03-20 14:15:00+00:00,2014-03-20 16:30:00+00:00,1,1.4999999999999774,TP,False
S2R2-02,late_london_exhaustion,EURUSD,2014-04-03 14:15:00+00:00,2014-04-03 14:30:00+00:00,2014-04-03 20:15:00+00:00,1,0.3933376977300063,TIME,False
S2R2-02,late_london_exhaustion,EURUSD,2014-04-29 15:45:00+00:00,2014-04-29 16:00:00+00:00,2014-04-29 21:45:00+00:00,1,0.4699067513010754,TIME,False
S2R2-02,late_london_exhaustion,EURUSD,2014-05-09 14:30:00+00:00,2014-05-09 14:45:00+00:00,2014-05-09 14:45:00+00:00,1,-0.9999999999999526,SL,False
S2R2-02,late_london_exhaustion,EURUSD,2014-05-15 14:45:00+00:00,2014-05-15 15:00:00+00:00,2014-05-15 15:15:00+00:00,-1,-1.000000000000044,SL,False
S2R2-02,late_london_exhaustion,EURUSD,2014-06-05 14:15:00+00:00,2014-06-05 14:30:00+00:00,2014-06-05 17:45:00+00:00,-1,-1.0000000000000162,SL,False
S2R2-02,late_london_exhaustion,EURUSD,2014-06-16 15:45:00+00:00,2014-06-16 16:00:00+00:00,2014-06-16 21:45:00+00:00,-1,0.36210314970510726,TIME,False
S2R2-02,late_london_exhaustion,EURUSD,2014-08-01 14:45:00+00:00,2014-08-01 15:00:00+00:00,2014-08-01 16:00:00+00:00,-1,-0.10459019175292719,FRIDAY,False
S2R2-02,late_london_exhaustion,EURUSD,2014-08-05 14:15:00+00:00,2014-08-05 14:30:00+00:00,2014-08-05 14:30:00+00:00,1,-0.9999999999999047,SL,False
S2R2-02,late_london_exhaustion,EURUSD,2014-08-05 14:30:00+00:00,2014-08-05 14:45:00+00:00,2014-08-05 18:00:00+00:00,1,1.5,TP,False
S2R2-02,late_london_exhaustion,EURUSD,2014-08-22 14:45:00+00:00,2014-08-22 15:00:00+00:00,2014-08-22 16:00:00+00:00,1,0.45087673862372607,FRIDAY,False
S2R2-02,late_london_exhaustion,EURUSD,2014-09-19 14:15:00+00:00,2014-09-19 14:30:00+00:00,2014-09-19 14:45:00+00:00,1,-1.0000000000000469,SL,False
S2R2-02,late_london_exhaustion,EURUSD,2014-09-19 14:45:00+00:00,2014-09-19 15:00:00+00:00,2014-09-19 16:00:00+00:00,1,-0.3595824149344068,FRIDAY,False
S2R2-02,late_london_exhaustion,EURUSD,2014-09-25 14:45:00+00:00,2014-09-25 15:00:00+00:00,2014-09-25 20:45:00+00:00,-1,-0.29392196050136327,TIME,False
S2R2-02,late_london_exhaustion,EURUSD,2014-10-03 14:00:00+00:00,2014-10-03 14:15:00+00:00,2014-10-03 16:00:00+00:00,1,-0.1766557923513928,FRIDAY,False
S2R2-02,late_london_exhaustion,EURUSD,2014-10-09 15:15:00+00:00,2014-10-09 15:30:00+00:00,2014-10-09 16:00:00+00:00,1,-0.9999999999999589,SL,False
S2R2-02,late_london_exhaustion,EURUSD,2014-11-17 15:00:00+00:00,2014-11-17 15:15:00+00:00,2014-11-17 21:00:00+00:00,1,-0.47891410095831755,TIME,False
S2R2-02,late_london_exhaustion,EURUSD,2014-11-21 14:00:00+00:00,2014-11-21 14:15:00+00:00,2014-11-21 16:00:00+00:00,1,-0.8335338637686784,FRIDAY,False
S2R2-02,late_london_exhaustion,EURUSD,2014-12-04 15:30:00+00:00,2014-12-04 15:45:00+00:00,2014-12-04 16:00:00+00:00,-1,-1.0000000000000167,SL,False
S2R2-02,late_london_exhaustion,EURUSD,2014-12-09 15:15:00+00:00,2014-12-09 15:30:00+00:00,2014-12-09 17:15:00+00:00,-1,1.5,TP,False
S2R2-02,late_london_exhaustion,EURUSD,2014-12-11 15:15:00+00:00,2014-12-11 15:30:00+00:00,2014-12-11 21:15:00+00:00,1,0.40877295601436703,TIME,False
S2R2-02,late_london_exhaustion,EURUSD,2015-01-16 15:45:00+00:00,2015-01-16 16:00:00+00:00,2015-01-16 16:00:00+00:00,1,0.24574034643070283,FRIDAY,False
S2R2-02,late_london_exhaustion,EURUSD,2015-01-22 14:15:00+00:00,2015-01-22 14:30:00+00:00,2015-01-22 15:45:00+00:00,1,-1.0,SL,False
S2R2-02,late_london_exhaustion,EURUSD,2015-01-26 15:15:00+00:00,2015-01-26 15:30:00+00:00,2015-01-26 16:15:00+00:00,-1,-1.0000000000000475,SL,False
S2R2-02,late_london_exhaustion,EURUSD,2015-01-27 14:30:00+00:00,2015-01-27 14:45:00+00:00,2015-01-27 15:30:00+00:00,-1,-1.0000000000000129,SL,False
S2R2-02,late_london_exhaustion,EURUSD,2015-02-03 15:45:00+00:00,2015-02-03 16:00:00+00:00,2015-02-03 16:15:00+00:00,-1,-0.999999999999975,SL,False
S2R2-02,late_london_exhaustion,EURUSD,2015-02-06 14:45:00+00:00,2015-02-06 15:00:00+00:00,2015-02-06 16:00:00+00:00,1,-0.13888636478368419,FRIDAY,False
S2R2-02,late_london_exhaustion,EURUSD,2015-02-26 14:00:00+00:00,2015-02-26 14:15:00+00:00,2015-02-26 14:30:00+00:00,1,-0.9999999999999674,SL,False
S2R2-02,late_london_exhaustion,EURUSD,2015-02-26 14:30:00+00:00,2015-02-26 14:45:00+00:00,2015-02-26 15:00:00+00:00,1,-1.0000000000000289,SL,False
S2R2-02,late_london_exhaustion,EURUSD,2015-02-26 15:30:00+00:00,2015-02-26 15:45:00+00:00,2015-02-26 17:30:00+00:00,1,-1.0,SL,False
S2R2-02,late_london_exhaustion,EURUSD,2015-03-04 15:45:00+00:00,2015-03-04 16:00:00+00:00,2015-03-04 21:45:00+00:00,1,0.35505635177283246,TIME,False
S2R2-02,late_london_exhaustion,EURUSD,2015-03-06 14:15:00+00:00,2015-03-06 14:30:00+00:00,2015-03-06 16:00:00+00:00,1,-0.12766200558772095,FRIDAY,False
S2R2-02,late_london_exhaustion,EURUSD,2015-03-11 15:00:00+00:00,2015-03-11 15:15:00+00:00,2015-03-11 17:15:00+00:00,1,-0.9999999999999867,SL,False
S2R2-02,late_london_exhaustion,EURUSD,2015-03-20 14:00:00+00:00,2015-03-20 14:15:00+00:00,2015-03-20 16:00:00+00:00,-1,0.0787478912054097,FRIDAY,False
S2R2-02,late_london_exhaustion,EURUSD,2015-03-23 14:15:00+00:00,2015-03-23 14:30:00+00:00,2015-03-23 16:15:00+00:00,-1,-1.0,SL,False
S2R2-02,late_london_exhaustion,EURUSD,2015-04-29 15:00:00+00:00,2015-04-29 15:15:00+00:00,2015-04-29 16:00:00+00:00,-1,-1.0000000000000222,SL,False
S2R2-02,late_london_exhaustion,EURUSD,2015-05-06 14:30:00+00:00,2015-05-06 14:45:00+00:00,2015-05-06 20:30:00+00:00,-1,0.2846934699668058,TIME,False
S2R2-02,late_london_exhaustion,EURUSD,2015-05-13 15:15:00+00:00,2015-05-13 15:30:00+00:00,2015-05-13 21:15:00+00:00,-1,0.24181236337931852,TIME,False
S2R2-02,late_london_exhaustion,EURUSD,2015-05-19 15:00:00+00:00,2015-05-19 15:15:00+00:00,2015-05-19 21:00:00+00:00,1,0.7838186219982988,TIME,False
S2R2-02,late_london_exhaustion,EURUSD,2015-06-03 14:45:00+00:00,2015-06-03 15:00:00+00:00,2015-06-03 20:45:00+00:00,-1,-0.23158145978508457,TIME,False
S2R2-02,late_london_exhaustion,EURUSD,2015-06-29 14:15:00+00:00,2015-06-29 14:30:00+00:00,2015-06-29 15:15:00+00:00,-1,-0.9999999999999876,SL,False
S2R2-02,late_london_exhaustion,EURUSD,2015-06-29 15:30:00+00:00,2015-06-29 15:45:00+00:00,2015-06-29 16:45:00+00:00,-1,-1.0,SL,False
S2R2-02,late_london_exhaustion,EURUSD,2015-07-13 14:00:00+00:00,2015-07-13 14:15:00+00:00,2015-07-13 14:45:00+00:00,1,-0.9999999999999665,SL,False
S2R2-02,late_london_exhaustion,EURUSD,2015-07-13 15:00:00+00:00,2015-07-13 15:15:00+00:00,2015-07-13 18:15:00+00:00,1,-1.0,SL,False
S2R2-02,late_london_exhaustion,EURUSD,2015-08-12 14:45:00+00:00,2015-08-12 15:00:00+00:00,2015-08-12 15:15:00+00:00,-1,-1.000000000000047,SL,False
S2R2-02,late_london_exhaustion,EURUSD,2015-08-12 15:15:00+00:00,2015-08-12 15:30:00+00:00,2015-08-12 17:30:00+00:00,-1,1.4999999999999856,TP,False
S2R2-02,late_london_exhaustion,EURUSD,2015-08-25 15:00:00+00:00,2015-08-25 15:15:00+00:00,2015-08-25 19:15:00+00:00,1,1.4999999999999896,TP,False
S2R2-02,late_london_exhaustion,EURUSD,2015-09-03 15:00:00+00:00,2015-09-03 15:15:00+00:00,2015-09-03 21:00:00+00:00,1,0.9042571987391679,TIME,False
S2R2-02,late_london_exhaustion,EURUSD,2015-09-21 15:00:00+00:00,2015-09-21 15:15:00+00:00,2015-09-21 21:00:00+00:00,1,-6.291922744177162e-05,TIME,False
S2R2-02,late_london_exhaustion,EURUSD,2015-10-02 14:00:00+00:00,2015-10-02 14:15:00+00:00,2015-10-02 16:00:00+00:00,-1,0.9636667350467426,FRIDAY,False
S2R2-02,late_london_exhaustion,EURUSD,2015-10-22 14:00:00+00:00,2015-10-22 14:15:00+00:00,2015-10-22 15:45:00+00:00,1,-0.999999999999968,SL,False
S2R2-02,late_london_exhaustion,EURUSD,2015-10-23 14:00:00+00:00,2015-10-23 14:15:00+00:00,2015-10-23 16:00:00+00:00,1,-0.09926023207865142,FRIDAY,False
S2R2-02,late_london_exhaustion,EURUSD,2015-11-04 15:15:00+00:00,2015-11-04 15:30:00+00:00,2015-11-04 15:45:00+00:00,1,-1.0,SL,False
S2R2-02,late_london_exhaustion,EURUSD,2015-11-04 15:45:00+00:00,2015-11-04 16:00:00+00:00,2015-11-04 21:45:00+00:00,1,0.3074815914669252,TIME,False
S2R2-02,late_london_exhaustion,EURUSD,2015-11-12 15:00:00+00:00,2015-11-12 15:15:00+00:00,2015-11-12 17:15:00+00:00,-1,-0.9999999999999863,SL,False
S2R2-02,late_london_exhaustion,EURUSD,2015-11-25 14:45:00+00:00,2015-11-25 15:00:00+00:00,2015-11-25 15:45:00+00:00,1,1.4999999999999774,TP,False
S2R2-02,late_london_exhaustion,EURUSD,2015-12-04 15:00:00+00:00,2015-12-04 15:15:00+00:00,2015-12-04 15:45:00+00:00,-1,1.49999999999999,TP,False
S2R2-02,late_london_exhaustion,EURUSD,2015-12-09 14:00:00+00:00,2015-12-09 14:15:00+00:00,2015-12-09 15:30:00+00:00,-1,1.4999999999999776,TP,False
S2R2-02,late_london_exhaustion,EURUSD,2016-01-04 15:15:00+00:00,2016-01-04 15:30:00+00:00,2016-01-04 15:45:00+00:00,1,-1.000000000000046,SL,False
S2R2-02,late_london_exhaustion,EURUSD,2016-01-05 15:45:00+00:00,2016-01-05 16:00:00+00:00,2016-01-05 16:30:00+00:00,1,1.4999999999999531,TP,False
S2R2-02,late_london_exhaustion,EURUSD,2016-01-08 15:15:00+00:00,2016-01-08 15:30:00+00:00,2016-01-08 16:00:00+00:00,-1,0.07859263139514579,FRIDAY,False
S2R2-02,late_london_exhaustion,EURUSD,2016-01-29 14:45:00+00:00,2016-01-29 15:00:00+00:00,2016-01-29 15:30:00+00:00,1,-0.9999999999999826,SL,False
S2R2-02,late_london_exhaustion,EURUSD,2016-01-29 15:30:00+00:00,2016-01-29 15:45:00+00:00,2016-01-29 16:00:00+00:00,1,-0.47959078385528153,FRIDAY,False
S2R2-02,late_london_exhaustion,EURUSD,2016-02-05 15:00:00+00:00,2016-02-05 15:15:00+00:00,2016-02-05 16:00:00+00:00,1,0.8385844466944904,FRIDAY,False
S2R2-02,late_london_exhaustion,EURUSD,2016-02-10 15:30:00+00:00,2016-02-10 15:45:00+00:00,2016-02-10 16:00:00+00:00,1,1.5,TP,False
S2R2-02,late_london_exhaustion,EURUSD,2016-02-22 14:00:00+00:00,2016-02-22 14:15:00+00:00,2016-02-22 15:45:00+00:00,1,1.4999999999999514,TP,False
S2R2-02,late_london_exhaustion,EURUSD,2016-03-04 14:45:00+00:00,2016-03-04 15:00:00+00:00,2016-03-04 16:00:00+00:00,-1,0.20933036739478403,FRIDAY,False
S2R2-02,late_london_exhaustion,EURUSD,2016-03-10 15:00:00+00:00,2016-03-10 15:15:00+00:00,2016-03-10 16:30:00+00:00,-1,-1.000000000000004,SL,False
S2R2-02,late_london_exhaustion,EURUSD,2016-03-31 14:00:00+00:00,2016-03-31 14:15:00+00:00,2016-03-31 14:30:00+00:00,-1,1.4999999999999354,TP,False
S2R2-02,late_london_exhaustion,EURUSD,2016-04-13 15:30:00+00:00,2016-04-13 15:45:00+00:00,2016-04-13 21:30:00+00:00,1,-0.028776943124329293,TIME,False
S2R2-02,late_london_exhaustion,EURUSD,2016-04-21 14:45:00+00:00,2016-04-21 15:00:00+00:00,2016-04-21 20:45:00+00:00,1,-0.06783072309230256,TIME,False
S2R2-02,late_london_exhaustion,EURUSD,2016-05-03 15:15:00+00:00,2016-05-03 15:30:00+00:00,2016-05-03 20:45:00+00:00,1,-1.000000000000037,SL,False
S2R2-02,late_london_exhaustion,EURUSD,2016-06-03 14:15:00+00:00,2016-06-03 14:30:00+00:00,2016-06-03 16:00:00+00:00,-1,0.1187981336781157,FRIDAY,False
S2R2-02,late_london_exhaustion,EURUSD,2016-06-09 14:15:00+00:00,2016-06-09 14:30:00+00:00,2016-06-09 15:00:00+00:00,1,1.5000000000000224,TP,False
S2R2-02,late_london_exhaustion,EURUSD,2016-06-14 14:00:00+00:00,2016-06-14 14:15:00+00:00,2016-06-14 14:30:00+00:00,1,-1.000000000000024,SL,False
S2R2-02,late_london_exhaustion,EURUSD,2016-06-14 14:30:00+00:00,2016-06-14 14:45:00+00:00,2016-06-14 15:45:00+00:00,1,1.4999999999999776,TP,False
S2R2-02,late_london_exhaustion,EURUSD,2016-06-16 14:30:00+00:00,2016-06-16 14:45:00+00:00,2016-06-16 16:15:00+00:00,1,1.4999999999999662,TP,False
S2R2-02,late_london_exhaustion,EURUSD,2016-07-29 15:00:00+00:00,2016-07-29 15:15:00+00:00,2016-07-29 16:00:00+00:00,-1,0.6130800542740841,FRIDAY,False
S2R2-02,late_london_exhaustion,EURUSD,2016-08-26 14:15:00+00:00,2016-08-26 14:30:00+00:00,2016-08-26 14:45:00+00:00,-1,1.5,TP,False
S2R2-02,late_london_exhaustion,EURUSD,2016-08-26 15:30:00+00:00,2016-08-26 15:45:00+00:00,2016-08-26 16:00:00+00:00,1,-0.6024214462768472,FRIDAY,False
S2R2-02,late_london_exhaustion,EURUSD,2016-09-02 15:15:00+00:00,2016-09-02 15:30:00+00:00,2016-09-02 16:00:00+00:00,1,0.045671889599405345,FRIDAY,False
S2R2-02,late_london_exhaustion,EURUSD,2016-09-06 14:45:00+00:00,2016-09-06 15:00:00+00:00,2016-09-06 17:15:00+00:00,-1,-1.000000000000039,SL,False
S2R2-02,late_london_exhaustion,EURUSD,2016-09-09 14:00:00+00:00,2016-09-09 14:15:00+00:00,2016-09-09 14:15:00+00:00,1,-1.0000000000000369,SL,False
S2R2-02,late_london_exhaustion,EURUSD,2016-09-16 14:00:00+00:00,2016-09-16 14:15:00+00:00,2016-09-16 15:00:00+00:00,1,-1.0,SL,False
S2R2-02,late_london_exhaustion,EURUSD,2016-09-16 15:00:00+00:00,2016-09-16 15:15:00+00:00,2016-09-16 16:00:00+00:00,1,-0.23253447730616397,FRIDAY,False
S2R2-02,late_london_exhaustion,EURUSD,2016-09-30 15:15:00+00:00,2016-09-30 15:30:00+00:00,2016-09-30 16:00:00+00:00,-1,0.3977646062658764,FRIDAY,False
S2R2-02,late_london_exhaustion,EURUSD,2016-10-11 15:45:00+00:00,2016-10-11 16:00:00+00:00,2016-10-11 21:45:00+00:00,1,-0.5581636510937078,TIME,False
S2R2-02,late_london_exhaustion,EURUSD,2016-10-20 14:30:00+00:00,2016-10-20 14:45:00+00:00,2016-10-20 20:30:00+00:00,1,0.0037914844741773627,TIME,False
S2R2-02,late_london_exhaustion,EURUSD,2016-11-01 14:30:00+00:00,2016-11-01 14:45:00+00:00,2016-11-01 16:15:00+00:00,-1,-1.0,SL,False
S2R2-02,late_london_exhaustion,EURUSD,2016-11-09 14:00:00+00:00,2016-11-09 14:15:00+00:00,2016-11-09 14:15:00+00:00,1,-1.0000000000000402,SL,False
S2R2-02,late_london_exhaustion,EURUSD,2016-11-09 14:30:00+00:00,2016-11-09 14:45:00+00:00,2016-11-09 15:00:00+00:00,1,-1.0000000000000118,SL,False
S2R2-02,late_london_exhaustion,EURUSD,2016-11-09 15:00:00+00:00,2016-11-09 15:15:00+00:00,2016-11-09 15:30:00+00:00,1,-1.0000000000000215,SL,False
S2R2-02,late_london_exhaustion,EURUSD,2016-11-09 15:30:00+00:00,2016-11-09 15:45:00+00:00,2016-11-09 20:45:00+00:00,1,-0.9999999999999888,SL,False
S2R2-02,late_london_exhaustion,EURUSD,2016-11-14 15:00:00+00:00,2016-11-14 15:15:00+00:00,2016-11-14 17:30:00+00:00,1,1.500000000000052,TP,False
S2R2-02,late_london_exhaustion,EURUSD,2016-11-15 14:30:00+00:00,2016-11-15 14:45:00+00:00,2016-11-15 17:15:00+00:00,1,-1.0,SL,False
S2R2-02,late_london_exhaustion,EURUSD,2016-11-23 15:15:00+00:00,2016-11-23 15:30:00+00:00,2016-11-23 16:30:00+00:00,1,1.500000000000017,TP,False
S2R2-02,late_london_exhaustion,EURUSD,2016-11-28 14:00:00+00:00,2016-11-28 14:15:00+00:00,2016-11-28 15:15:00+00:00,1,1.5000000000000577,TP,False
S2R2-02,late_london_exhaustion,EURUSD,2016-12-05 15:00:00+00:00,2016-12-05 15:15:00+00:00,2016-12-05 17:30:00+00:00,-1,-1.0,SL,False
S2R2-02,late_london_exhaustion,EURUSD,2016-12-08 14:15:00+00:00,2016-12-08 14:30:00+00:00,2016-12-08 15:00:00+00:00,1,-1.000000000000008,SL,False
S2R2-02,late_london_exhaustion,EURUSD,2016-12-08 15:00:00+00:00,2016-12-08 15:15:00+00:00,2016-12-08 21:00:00+00:00,1,-0.3796835010892133,TIME,False
S2R2-02,late_london_exhaustion,EURUSD,2017-04-26 15:00:00+00:00,2017-04-26 15:15:00+00:00,2017-04-26 15:30:00+00:00,1,-1.0000000000000289,SL,False
S2R2-02,late_london_exhaustion,EURUSD,2017-04-27 14:15:00+00:00,2017-04-27 14:30:00+00:00,2017-04-27 20:15:00+00:00,1,0.3194243489712218,TIME,False
S2R2-02,late_london_exhaustion,EURUSD,2017-05-04 14:45:00+00:00,2017-05-04 15:00:00+00:00,2017-05-04 15:45:00+00:00,-1,-1.0000000000000808,SL,False
S2R2-02,late_london_exhaustion,EURUSD,2017-05-08 15:30:00+00:00,2017-05-08 15:45:00+00:00,2017-05-08 21:30:00+00:00,1,-0.230273460387127,TIME,False
S2R2-02,late_london_exhaustion,EURUSD,2017-05-19 14:45:00+00:00,2017-05-19 15:00:00+00:00,2017-05-19 16:00:00+00:00,-1,0.6488829241335754,FRIDAY,False
S2R2-02,late_london_exhaustion,EURUSD,2017-06-28 14:00:00+00:00,2017-06-28 14:15:00+00:00,2017-06-28 20:00:00+00:00,-1,-0.14369466582833448,TIME,False
S2R2-02,late_london_exhaustion,EURUSD,2017-07-06 15:00:00+00:00,2017-07-06 15:15:00+00:00,2017-07-06 16:15:00+00:00,-1,-0.9999999999999722,SL,False
S2R2-02,late_london_exhaustion,EURUSD,2017-07-12 14:00:00+00:00,2017-07-12 14:15:00+00:00,2017-07-12 20:00:00+00:00,1,0.3316898922140766,TIME,False
S2R2-02,late_london_exhaustion,EURUSD,2017-07-18 14:00:00+00:00,2017-07-18 14:15:00+00:00,2017-07-18 16:30:00+00:00,-1,1.50000000000005,TP,False
S2R2-02,late_london_exhaustion,EURUSD,2017-07-20 14:45:00+00:00,2017-07-20 15:00:00+00:00,2017-07-20 20:45:00+00:00,-1,0.09825589046087815,TIME,False
S2R2-02,late_london_exhaustion,EURUSD,2017-08-29 14:00:00+00:00,2017-08-29 14:15:00+00:00,2017-08-29 15:30:00+00:00,1,1.4999999999999762,TP,False
S2R2-02,late_london_exhaustion,EURUSD,2017-11-03 15:00:00+00:00,2017-11-03 15:15:00+00:00,2017-11-03 16:00:00+00:00,1,0.08900905909257456,FRIDAY,False
S2R2-02,late_london_exhaustion,EURUSD,2017-11-30 15:15:00+00:00,2017-11-30 15:30:00+00:00,2017-11-30 15:45:00+00:00,-1,-0.9999999999999324,SL,False
S2R2-02,late_london_exhaustion,EURUSD,2017-11-30 15:45:00+00:00,2017-11-30 16:00:00+00:00,2017-11-30 17:00:00+00:00,-1,1.499999999999939,TP,False
S2R2-02,late_london_exhaustion,EURUSD,2017-12-01 14:30:00+00:00,2017-12-01 14:45:00+00:00,2017-12-01 15:00:00+00:00,1,-1.000000000000083,SL,False
S2R2-02,late_london_exhaustion,EURUSD,2017-12-14 15:45:00+00:00,2017-12-14 16:00:00+00:00,2017-12-14 21:45:00+00:00,1,-0.037105473333399065,TIME,False
S2R2-02,late_london_exhaustion,EURUSD,2018-01-08 15:15:00+00:00,2018-01-08 15:30:00+00:00,2018-01-08 16:00:00+00:00,1,1.499999999999965,TP,False
S2R2-02,late_london_exhaustion,EURUSD,2018-01-12 14:15:00+00:00,2018-01-12 14:30:00+00:00,2018-01-12 16:00:00+00:00,-1,0.11351783113282903,FRIDAY,False
S2R2-02,late_london_exhaustion,EURUSD,2018-01-24 14:45:00+00:00,2018-01-24 15:00:00+00:00,2018-01-24 18:15:00+00:00,-1,-0.9999999999999809,SL,False
S2R2-02,late_london_exhaustion,EURUSD,2018-01-26 14:30:00+00:00,2018-01-26 14:45:00+00:00,2018-01-26 16:00:00+00:00,1,0.40985514423672154,FRIDAY,False
S2R2-02,late_london_exhaustion,EURUSD,2018-02-06 15:30:00+00:00,2018-02-06 15:45:00+00:00,2018-02-06 16:15:00+00:00,1,1.5000000000000282,TP,False
S2R2-02,late_london_exhaustion,EURUSD,2018-04-26 14:30:00+00:00,2018-04-26 14:45:00+00:00,2018-04-26 20:30:00+00:00,1,-0.5333642264932015,TIME,False
S2R2-02,late_london_exhaustion,EURUSD,2018-05-01 14:45:00+00:00,2018-05-01 15:00:00+00:00,2018-05-01 16:30:00+00:00,1,1.5000000000000673,TP,False
S2R2-02,late_london_exhaustion,EURUSD,2018-06-21 14:45:00+00:00,2018-06-21 15:00:00+00:00,2018-06-21 20:45:00+00:00,-1,0.09307660794756248,TIME,False
S2R2-02,late_london_exhaustion,EURUSD,2018-06-29 15:45:00+00:00,2018-06-29 16:00:00+00:00,2018-06-29 16:00:00+00:00,-1,-0.0838450553373795,FRIDAY,False
S2R2-02,late_london_exhaustion,EURUSD,2018-07-26 15:45:00+00:00,2018-07-26 16:00:00+00:00,2018-07-26 21:45:00+00:00,1,-0.8268634486493806,TIME,False
S2R2-02,late_london_exhaustion,EURUSD,2018-08-10 15:00:00+00:00,2018-08-10 15:15:00+00:00,2018-08-10 16:00:00+00:00,1,-0.48674748730701484,FRIDAY,False
S2R2-02,late_london_exhaustion,EURUSD,2018-08-31 15:45:00+00:00,2018-08-31 16:00:00+00:00,2018-08-31 16:00:00+00:00,1,-0.41397093599569806,FRIDAY,False
S2R2-02,late_london_exhaustion,EURUSD,2018-11-01 14:00:00+00:00,2018-11-01 14:15:00+00:00,2018-11-01 17:15:00+00:00,-1,-1.0,SL,False
S2R2-02,late_london_exhaustion,EURUSD,2018-12-20 15:45:00+00:00,2018-12-20 16:00:00+00:00,2018-12-20 17:00:00+00:00,1,1.4999999999999338,TP,False
S2R2-02,late_london_exhaustion,EURUSD,2019-01-02 14:15:00+00:00,2019-01-02 14:30:00+00:00,2019-01-02 15:15:00+00:00,1,-1.0,SL,False
S2R2-02,late_london_exhaustion,EURUSD,2019-01-03 15:15:00+00:00,2019-01-03 15:30:00+00:00,2019-01-03 16:15:00+00:00,-1,-0.9999999999999797,SL,False
S2R2-02,late_london_exhaustion,EURUSD,2019-01-09 15:15:00+00:00,2019-01-09 15:30:00+00:00,2019-01-09 19:00:00+00:00,-1,-0.9999999999999815,SL,False
S2R2-02,late_london_exhaustion,EURUSD,2019-03-22 14:00:00+00:00,2019-03-22 14:15:00+00:00,2019-03-22 14:45:00+00:00,1,-1.0,SL,False
S2R2-02,late_london_exhaustion,EURUSD,2019-03-22 15:00:00+00:00,2019-03-22 15:15:00+00:00,2019-03-22 16:00:00+00:00,1,0.8140083600735077,FRIDAY,False
S2R2-02,late_london_exhaustion,EURUSD,2019-04-18 14:45:00+00:00,2019-04-18 15:00:00+00:00,2019-04-18 16:00:00+00:00,1,-1.0000000000000784,SL,False
S2R2-02,late_london_exhaustion,EURUSD,2019-04-23 14:30:00+00:00,2019-04-23 14:45:00+00:00,2019-04-23 16:00:00+00:00,1,1.5,TP,False
S2R2-02,late_london_exhaustion,EURUSD,2019-04-26 14:30:00+00:00,2019-04-26 14:45:00+00:00,2019-04-26 16:00:00+00:00,-1,1.2380554836154234,FRIDAY,False
S2R2-02,late_london_exhaustion,EURUSD,2019-05-09 14:00:00+00:00,2019-05-09 14:15:00+00:00,2019-05-09 14:45:00+00:00,-1,1.5000000000000566,TP,False
S2R2-02,late_london_exhaustion,EURUSD,2019-06-05 15:45:00+00:00,2019-06-05 16:00:00+00:00,2019-06-05 18:30:00+00:00,1,-0.999999999999979,SL,False
S2R2-02,late_london_exhaustion,EURUSD,2019-06-07 14:30:00+00:00,2019-06-07 14:45:00+00:00,2019-06-07 16:00:00+00:00,-1,0.4091694307635608,FRIDAY,False
S2R2-02,late_london_exhaustion,EURUSD,2019-06-14 15:00:00+00:00,2019-06-14 15:15:00+00:00,2019-06-14 15:45:00+00:00,1,-1.0000000000000533,SL,False
S2R2-02,late_london_exhaustion,EURUSD,2019-07-05 14:15:00+00:00,2019-07-05 14:30:00+00:00,2019-07-05 16:00:00+00:00,1,0.5999591280653951,FRIDAY,False
S2R2-02,late_london_exhaustion,EURUSD,2019-07-23 14:15:00+00:00,2019-07-23 14:30:00+00:00,2019-07-23 20:00:00+00:00,1,-1.0000000000000828,SL,False
S2R2-02,late_london_exhaustion,EURUSD,2019-07-25 14:00:00+00:00,2019-07-25 14:15:00+00:00,2019-07-25 16:15:00+00:00,-1,1.5,TP,False
S2R2-02,late_london_exhaustion,EURUSD,2019-08-05 14:15:00+00:00,2019-08-05 14:30:00+00:00,2019-08-05 15:00:00+00:00,-1,1.4999999999999691,TP,False
S2R2-02,late_london_exhaustion,EURUSD,2019-08-23 15:30:00+00:00,2019-08-23 15:45:00+00:00,2019-08-23 16:00:00+00:00,-1,0.5460391264561126,FRIDAY,False
S2R2-02,late_london_exhaustion,EURUSD,2019-08-30 15:30:00+00:00,2019-08-30 15:45:00+00:00,2019-08-30 16:00:00+00:00,1,0.0946561037695429,FRIDAY,False
S2R2-02,late_london_exhaustion,EURUSD,2019-09-11 14:15:00+00:00,2019-09-11 14:30:00+00:00,2019-09-11 14:30:00+00:00,1,-0.9999999999999614,SL,False
S2R2-02,late_london_exhaustion,EURUSD,2019-09-11 14:30:00+00:00,2019-09-11 14:45:00+00:00,2019-09-11 16:30:00+00:00,1,1.4999999999999265,TP,False
S2R2-02,late_london_exhaustion,EURUSD,2019-09-12 14:30:00+00:00,2019-09-12 14:45:00+00:00,2019-09-12 20:30:00+00:00,-1,-0.09641631415116929,TIME,False
S2R2-02,late_london_exhaustion,EURUSD,2019-09-16 15:00:00+00:00,2019-09-16 15:15:00+00:00,2019-09-16 15:15:00+00:00,1,-0.9999999999999392,SL,False
S2R2-02,late_london_exhaustion,EURUSD,2019-11-05 15:30:00+00:00,2019-11-05 15:45:00+00:00,2019-11-05 21:30:00+00:00,1,0.4052565680797113,TIME,False
S2R2-02,late_london_exhaustion,EURUSD,2019-12-02 15:30:00+00:00,2019-12-02 15:45:00+00:00,2019-12-02 16:00:00+00:00,-1,-1.0000000000000642,SL,False
S2R2-02,late_london_exhaustion,EURUSD,2019-12-04 15:00:00+00:00,2019-12-04 15:15:00+00:00,2019-12-04 15:45:00+00:00,-1,1.4999999999999694,TP,False
S2R2-02,late_london_exhaustion,EURUSD,2019-12-06 15:00:00+00:00,2019-12-06 15:15:00+00:00,2019-12-06 15:30:00+00:00,1,-1.000000000000029,SL,False
S2R2-02,late_london_exhaustion,EURUSD,2019-12-06 15:45:00+00:00,2019-12-06 16:00:00+00:00,2019-12-06 16:00:00+00:00,1,-0.208846847291857,FRIDAY,False
S2R2-02,late_london_exhaustion,EURUSD,2019-12-12 15:45:00+00:00,2019-12-12 16:00:00+00:00,2019-12-12 18:00:00+00:00,1,-0.9999999999999781,SL,False
S2R2-02,late_london_exhaustion,EURUSD,2019-12-27 14:45:00+00:00,2019-12-27 15:00:00+00:00,2019-12-27 15:00:00+00:00,-1,-0.9999999999999041,SL,False
S2R2-02,late_london_exhaustion,EURUSD,2019-12-27 15:45:00+00:00,2019-12-27 16:00:00+00:00,2019-12-27 16:00:00+00:00,-1,-1.4147559139383532,FRIDAY,False
S2R2-02,late_london_exhaustion,EURUSD,2020-01-02 14:45:00+00:00,2020-01-02 15:00:00+00:00,2020-01-02 15:45:00+00:00,1,1.5000000000000397,TP,False
S2R2-02,late_london_exhaustion,EURUSD,2020-01-07 15:00:00+00:00,2020-01-07 15:15:00+00:00,2020-01-07 15:15:00+00:00,1,-1.0000000000000329,SL,False
S2R2-02,late_london_exhaustion,EURUSD,2020-01-07 15:45:00+00:00,2020-01-07 16:00:00+00:00,2020-01-07 21:45:00+00:00,1,0.9811862068965517,TIME,False
S2R2-02,late_london_exhaustion,EURUSD,2020-01-23 15:30:00+00:00,2020-01-23 15:45:00+00:00,2020-01-23 21:30:00+00:00,1,0.46482651523225194,TIME,False
S2R2-02,late_london_exhaustion,EURUSD,2020-01-31 14:45:00+00:00,2020-01-31 15:00:00+00:00,2020-01-31 15:45:00+00:00,-1,-0.9999999999999192,SL,False
S2R2-02,late_london_exhaustion,EURUSD,2020-02-05 15:00:00+00:00,2020-02-05 15:15:00+00:00,2020-02-05 15:45:00+00:00,1,-1.0000000000000493,SL,False
S2R2-02,late_london_exhaustion,EURUSD,2020-02-05 15:45:00+00:00,2020-02-05 16:00:00+00:00,2020-02-05 19:15:00+00:00,1,-0.9999999999999172,SL,False
S2R2-02,late_london_exhaustion,EURUSD,2020-02-21 15:45:00+00:00,2020-02-21 16:00:00+00:00,2020-02-21 16:00:00+00:00,-1,-0.6043205854343141,FRIDAY,False
S2R2-02,late_london_exhaustion,EURUSD,2020-02-24 15:30:00+00:00,2020-02-24 15:45:00+00:00,2020-02-24 16:00:00+00:00,-1,-0.9999999999999715,SL,False
S2R2-02,late_london_exhaustion,EURUSD,2020-02-27 14:00:00+00:00,2020-02-27 14:15:00+00:00,2020-02-27 14:15:00+00:00,-1,-0.999999999999911,SL,False
S2R2-02,late_london_exhaustion,EURUSD,2020-02-27 14:45:00+00:00,2020-02-27 15:00:00+00:00,2020-02-27 15:00:00+00:00,-1,-0.9999999999999749,SL,False
S2R2-02,late_london_exhaustion,EURUSD,2020-02-28 14:45:00+00:00,2020-02-28 15:00:00+00:00,2020-02-28 16:00:00+00:00,1,1.1001981815342854,FRIDAY,False
S2R2-02,late_london_exhaustion,EURUSD,2020-03-04 14:00:00+00:00,2020-03-04 14:15:00+00:00,2020-03-04 14:30:00+00:00,1,-1.0000000000000435,SL,False
S2R2-02,late_london_exhaustion,EURUSD,2020-03-05 14:15:00+00:00,2020-03-05 14:30:00+00:00,2020-03-05 15:15:00+00:00,-1,1.5000000000000198,TP,False
S2R2-02,late_london_exhaustion,EURUSD,2020-03-06 14:45:00+00:00,2020-03-06 15:00:00+00:00,2020-03-06 15:15:00+00:00,-1,1.49999999999997,TP,False
S2R2-02,late_london_exhaustion,EURUSD,2020-03-11 15:15:00+00:00,2020-03-11 15:30:00+00:00,2020-03-11 15:30:00+00:00,1,-1.0000000000000155,SL,False
S2R2-02,late_london_exhaustion,EURUSD,2020-03-11 15:45:00+00:00,2020-03-11 16:00:00+00:00,2020-03-11 21:15:00+00:00,1,-0.9999999999999852,SL,False
S2R2-02,late_london_exhaustion,EURUSD,2020-03-12 15:15:00+00:00,2020-03-12 15:30:00+00:00,2020-03-12 15:45:00+00:00,1,-0.9999999999999885,SL,False
S2R2-02,late_london_exhaustion,EURUSD,2020-03-13 14:15:00+00:00,2020-03-13 14:30:00+00:00,2020-03-13 15:45:00+00:00,1,-0.9999999999999656,SL,False
S2R2-02,late_london_exhaustion,EURUSD,2020-03-16 15:00:00+00:00,2020-03-16 15:15:00+00:00,2020-03-16 17:00:00+00:00,1,1.5,TP,False
S2R2-02,late_london_exhaustion,EURUSD,2020-03-18 14:15:00+00:00,2020-03-18 14:30:00+00:00,2020-03-18 14:45:00+00:00,1,-0.9999999999999662,SL,False
S2R2-02,late_london_exhaustion,EURUSD,2020-03-18 15:30:00+00:00,2020-03-18 15:45:00+00:00,2020-03-18 16:45:00+00:00,1,-1.00000000000001,SL,False
S2R2-02,late_london_exhaustion,EURUSD,2020-03-20 15:45:00+00:00,2020-03-20 16:00:00+00:00,2020-03-20 16:00:00+00:00,1,0.2985599890745113,FRIDAY,False
S2R2-02,late_london_exhaustion,EURUSD,2020-04-30 15:00:00+00:00,2020-04-30 15:15:00+00:00,2020-04-30 21:00:00+00:00,-1,-0.3764094457497374,TIME,False
S2R2-02,late_london_exhaustion,EURUSD,2020-05-26 14:45:00+00:00,2020-05-26 15:00:00+00:00,2020-05-26 16:00:00+00:00,-1,1.4999999999999742,TP,False
S2R2-02,late_london_exhaustion,EURUSD,2020-06-04 15:00:00+00:00,2020-06-04 15:15:00+00:00,2020-06-04 21:00:00+00:00,-1,-0.043558075476014556,TIME,False
S2R2-02,late_london_exhaustion,EURUSD,2020-06-09 15:00:00+00:00,2020-06-09 15:15:00+00:00,2020-06-09 21:00:00+00:00,-1,0.8181168174152996,TIME,False
S2R2-02,late_london_exhaustion,EURUSD,2020-06-12 15:15:00+00:00,2020-06-12 15:30:00+00:00,2020-06-12 16:00:00+00:00,1,0.21464638361798638,FRIDAY,False
S2R2-02,late_london_exhaustion,EURUSD,2020-06-16 15:00:00+00:00,2020-06-16 15:15:00+00:00,2020-06-16 21:00:00+00:00,1,0.5211065410017158,TIME,False
S2R2-02,late_london_exhaustion,EURUSD,2020-07-27 15:00:00+00:00,2020-07-27 15:15:00+00:00,2020-07-27 16:00:00+00:00,-1,1.4999999999999467,TP,False
S2R2-02,late_london_exhaustion,EURUSD,2020-08-07 14:15:00+00:00,2020-08-07 14:30:00+00:00,2020-08-07 15:00:00+00:00,1,1.5,TP,False
S2R2-02,late_london_exhaustion,EURUSD,2020-08-21 14:00:00+00:00,2020-08-21 14:15:00+00:00,2020-08-21 16:00:00+00:00,1,0.2575981720254611,FRIDAY,False
S2R2-02,late_london_exhaustion,EURUSD,2020-10-29 14:15:00+00:00,2020-10-29 14:30:00+00:00,2020-10-29 15:00:00+00:00,1,-1.000000000000056,SL,False
S2R2-02,late_london_exhaustion,EURUSD,2020-10-29 15:45:00+00:00,2020-10-29 16:00:00+00:00,2020-10-29 21:45:00+00:00,1,0.848942088388828,TIME,False
S2R2-02,late_london_exhaustion,EURUSD,2020-11-03 15:00:00+00:00,2020-11-03 15:15:00+00:00,2020-11-03 15:45:00+00:00,-1,-0.9999999999999681,SL,False
S2R2-02,late_london_exhaustion,EURUSD,2020-11-06 14:00:00+00:00,2020-11-06 14:15:00+00:00,2020-11-06 14:15:00+00:00,-1,1.500000000000043,TP,False
S2R2-02,late_london_exhaustion,EURUSD,2020-11-09 15:45:00+00:00,2020-11-09 16:00:00+00:00,2020-11-09 16:00:00+00:00,1,-1.0000000000000366,SL,False
