pair,signal_dt,entry_dt,exit_dt,side,entry,stop,target,exit,reason,r
EURGBP,2013-11-15 08:00:00+00:00,2013-11-15 08:00:00+00:00,2013-11-15 16:00:00+00:00,-1,0.83598,0.8387599447822417,0.8290301380443955,0.83728,FRIDAY,-0.46763518768590356
EURGBP,2013-11-28 08:00:00+00:00,2013-11-28 08:00:00+00:00,2013-11-28 08:00:00+00:00,-1,0.83207,0.833998073982408,0.8272498150439799,0.833998073982408,SL,-0.9999999999999978
EURGBP,2013-12-24 16:00:00+00:00,2013-12-24 16:00:00+00:00,2013-12-24 21:00:00+00:00,-1,0.83452,0.8363307508039045,0.8299931229902388,0.8363307508039045,SL,-0.9999999999999762
EURGBP,2014-01-02 08:00:00+00:00,2014-01-02 08:00:00+00:00,2014-01-02 09:00:00+00:00,-1,0.82843,0.8300013609316235,0.8245015976709413,0.8300013609316235,SL,-1.0000000000000098
EURGBP,2014-01-08 12:00:00+00:00,2014-01-08 12:00:00+00:00,2014-01-10 09:00:00+00:00,-1,0.82702,0.829039858222643,0.8219703544433925,0.829039858222643,SL,-1.0000000000000226
EURGBP,2014-01-22 16:00:00+00:00,2014-01-22 16:00:00+00:00,2014-01-23 08:00:00+00:00,-1,0.81791,0.8201715622121011,0.8122560944697473,0.8201715622121011,SL,-0.9999999999999862
EURGBP,2014-01-28 08:00:00+00:00,2014-01-28 08:00:00+00:00,2014-01-28 09:00:00+00:00,-1,0.82289,0.8249470719430975,0.8177473201422565,0.8249470719430975,SL,-1.0000000000000133
EURGBP,2014-02-12 16:00:00+00:00,2014-02-12 16:00:00+00:00,2014-02-13 14:00:00+00:00,-1,0.81925,0.822131448409798,0.8120463789755051,0.822131448409798,SL,-1.0000000000000067
EURGBP,2014-02-26 16:00:00+00:00,2014-02-26 16:00:00+00:00,2014-02-28 10:00:00+00:00,-1,0.82128,0.8234045986368935,0.8159685034077663,0.8234045986368935,SL,-1.0000000000000029
EURGBP,2014-03-05 12:00:00+00:00,2014-03-05 12:00:00+00:00,2014-03-06 13:00:00+00:00,-1,0.82195,0.8240066357203283,0.8168084106991792,0.8240066357203283,SL,-1.0000000000000144
EURGBP,2014-04-04 08:00:00+00:00,2014-04-04 08:00:00+00:00,2014-04-04 12:00:00+00:00,-1,0.82584,0.8278690901266936,0.8207672746832659,0.8278690901266936,SL,-0.9999999999999956
EURGBP,2014-04-16 16:00:00+00:00,2014-04-16 16:00:00+00:00,2014-04-18 16:00:00+00:00,-1,0.82295,0.8249427334367961,0.8179681664080095,0.823,FRIDAY,-0.025091163261847283
EURGBP,2014-05-12 12:00:00+00:00,2014-05-12 12:00:00+00:00,2014-05-13 08:00:00+00:00,-1,0.8152,0.8171557015129167,0.8103107462177083,0.8171557015129167,SL,-0.9999999999999871
EURGBP,2014-05-14 08:00:00+00:00,2014-05-14 08:00:00+00:00,2014-05-14 08:00:00+00:00,-1,0.81342,0.815199702225361,0.8089707444365978,0.815199702225361,SL,-1.0000000000000249
EURGBP,2014-05-20 08:00:00+00:00,2014-05-20 08:00:00+00:00,2014-05-21 12:00:00+00:00,-1,0.81346,0.8152525202918817,0.8089786992702956,0.8089786992702956,TP,2.500000000000031
EURGBP,2014-06-03 08:00:00+00:00,2014-06-03 08:00:00+00:00,2014-06-03 11:00:00+00:00,-1,0.81146,0.8131374685041807,0.8072663287395482,0.8131374685041807,SL,-1.000000000000006
EURGBP,2014-06-12 08:00:00+00:00,2014-06-12 08:00:00+00:00,2014-06-12 16:00:00+00:00,-1,0.80412,0.8060097351490625,0.7993956621273435,0.8060097351490625,SL,-0.9999999999999718
EURGBP,2014-06-13 12:00:00+00:00,2014-06-13 12:00:00+00:00,2014-06-13 16:00:00+00:00,-1,0.79846,0.8009818417087382,0.7921553957281542,0.79773,FRIDAY,0.28947098363486123
EURGBP,2014-06-16 08:00:00+00:00,2014-06-16 08:00:00+00:00,2014-06-16 12:00:00+00:00,-1,0.79667,0.7989914462995438,0.7908663842511404,0.7989914462995438,SL,-0.9999999999999871
EURGBP,2014-07-01 16:00:00+00:00,2014-07-01 16:00:00+00:00,2014-07-03 16:00:00+00:00,-1,0.79783,0.7996319997487632,0.7933250006280923,0.7933250006280923,TP,2.4999999999999822
EURGBP,2014-07-04 08:00:00+00:00,2014-07-04 08:00:00+00:00,2014-07-04 16:00:00+00:00,-1,0.79228,0.7939404098612204,0.7881289753469489,0.79245,FRIDAY,-0.10238435941054515
EURGBP,2014-07-15 16:00:00+00:00,2014-07-15 16:00:00+00:00,2014-07-18 16:00:00+00:00,-1,0.79145,0.7936056988389475,0.7860607529026311,0.79184,FRIDAY,-0.18091580927436235
EURGBP,2014-07-23 08:00:00+00:00,2014-07-23 08:00:00+00:00,2014-07-23 09:00:00+00:00,-1,0.78798,0.7895247231640913,0.7841181920897717,0.7895247231640913,SL,-0.9999999999999711
EURGBP,2014-08-27 12:00:00+00:00,2014-08-27 12:00:00+00:00,2014-08-27 15:00:00+00:00,-1,0.79455,0.796302407085815,0.7901689822854623,0.796302407085815,SL,-0.999999999999976
EURGBP,2014-08-29 08:00:00+00:00,2014-08-29 08:00:00+00:00,2014-08-29 10:00:00+00:00,-1,0.79335,0.794982797196858,0.7892680070078549,0.794982797196858,SL,-1.0000000000000118
EURGBP,2014-09-01 08:00:00+00:00,2014-09-01 08:00:00+00:00,2014-09-02 06:00:00+00:00,-1,0.78961,0.791583776931883,0.7846755576702926,0.791583776931883,SL,-0.9999999999999951
EURGBP,2014-09-17 12:00:00+00:00,2014-09-17 12:00:00+00:00,2014-09-18 12:00:00+00:00,-1,0.7938,0.7968192659975906,0.7862518350060234,0.7862518350060234,TP,2.5000000000000133
EURGBP,2014-09-25 08:00:00+00:00,2014-09-25 08:00:00+00:00,2014-09-26 16:00:00+00:00,-1,0.77984,0.7827296133454898,0.7726159666362752,0.78054,FRIDAY,-0.24224694320871323
EURGBP,2014-10-31 08:00:00+00:00,2014-10-31 08:00:00+00:00,2014-10-31 16:00:00+00:00,-1,0.78583,0.7880601539952773,0.7802546150118069,0.78318,FRIDAY,1.188258750566952
EURGBP,2015-01-09 12:00:00+00:00,2015-01-09 12:00:00+00:00,2015-01-09 16:00:00+00:00,-1,0.77949,0.7824252990015444,0.772151752496139,0.78119,FRIDAY,-0.5791573530006927
EURGBP,2015-01-13 16:00:00+00:00,2015-01-13 16:00:00+00:00,2015-01-15 09:00:00+00:00,-1,0.7763,0.7795486828108698,0.7681782929728256,0.7681782929728256,TP,2.4999999999999827
EURGBP,2015-01-16 12:00:00+00:00,2015-01-16 12:00:00+00:00,2015-01-16 16:00:00+00:00,-1,0.76214,0.7667176541768379,0.7506958645579054,0.76051,FRIDAY,0.3560775753326989
EURGBP,2015-02-11 12:00:00+00:00,2015-02-11 12:00:00+00:00,2015-02-11 16:00:00+00:00,-1,0.73913,0.7425184687428802,0.7306588281427994,0.7425184687428802,SL,-0.9999999999999951
EURGBP,2015-02-18 16:00:00+00:00,2015-02-18 16:00:00+00:00,2015-02-19 01:00:00+00:00,-1,0.73547,0.7390914224667259,0.726416443833185,0.7390914224667259,SL,-0.9999999999999885
EURGBP,2015-02-26 08:00:00+00:00,2015-02-26 08:00:00+00:00,2015-02-27 16:00:00+00:00,-1,0.7307,0.7335128854229057,0.7236677864427359,0.72598,FRIDAY,1.67799227141089
EURGBP,2015-03-10 12:00:00+00:00,2015-03-10 12:00:00+00:00,2015-03-11 09:00:00+00:00,-1,0.71344,0.7164945299593788,0.7058036751015528,0.7058036751015528,TP,2.5000000000000124
EURGBP,2015-03-27 08:00:00+00:00,2015-03-27 08:00:00+00:00,2015-03-27 16:00:00+00:00,-1,0.73009,0.7337296105381333,0.7209909736546666,0.73207,FRIDAY,-0.544014250770757
EURGBP,2015-03-31 12:00:00+00:00,2015-03-31 12:00:00+00:00,2015-04-02 09:00:00+00:00,-1,0.72648,0.7305293392947868,0.7163566517630331,0.7305293392947868,SL,-1.0000000000000016
EURGBP,2015-04-08 12:00:00+00:00,2015-04-08 12:00:00+00:00,2015-04-10 16:00:00+00:00,-1,0.72648,0.7297099725673861,0.7184050685815347,0.72348,FRIDAY,0.928800458026113
EURGBP,2015-04-13 12:00:00+00:00,2015-04-13 12:00:00+00:00,2015-04-17 16:00:00+00:00,-1,0.72152,0.7250125354302557,0.712788661424361,0.72156,FRIDAY,-0.011452997628431124
EURGBP,2015-05-20 16:00:00+00:00,2015-05-20 16:00:00+00:00,2015-05-22 16:00:00+00:00,-1,0.71286,0.7175448396504532,0.701147900873867,0.71266,FRIDAY,0.042690895510317184
EURGBP,2015-05-25 08:00:00+00:00,2015-05-25 08:00:00+00:00,2015-05-28 07:00:00+00:00,-1,0.70776,0.7119897553878133,0.6971856115304665,0.7119897553878133,SL,-0.9999999999999996
EURGBP,2015-06-19 08:00:00+00:00,2015-06-19 08:00:00+00:00,2015-06-19 16:00:00+00:00,-1,0.71376,0.7175008858714341,0.7044077853214143,0.71391,FRIDAY,-0.040097454227489115
EURGBP,2015-06-23 12:00:00+00:00,2015-06-23 12:00:00+00:00,2015-06-24 17:00:00+00:00,-1,0.71017,0.7143347774119637,0.6997580564700905,0.7143347774119637,SL,-0.9999999999999931
EURGBP,2015-07-13 16:00:00+00:00,2015-07-13 16:00:00+00:00,2015-07-16 07:00:00+00:00,-1,0.71013,0.7148386181485681,0.6983584546285799,0.6983584546285799,TP,2.500000000000012
EURGBP,2015-07-16 08:00:00+00:00,2015-07-16 08:00:00+00:00,2015-07-17 16:00:00+00:00,-1,0.6978,0.7018344217665293,0.6877139455836766,0.69434,FRIDAY,0.8576198028438954
EURGBP,2015-07-30 08:00:00+00:00,2015-07-30 08:00:00+00:00,2015-07-31 12:00:00+00:00,-1,0.70248,0.705969273640016,0.6937568158999597,0.705969273640016,SL,-0.9999999999999907
EURGBP,2015-08-05 08:00:00+00:00,2015-08-05 08:00:00+00:00,2015-08-06 06:00:00+00:00,-1,0.69712,0.7002553082356177,0.6892817294109557,0.7002553082356177,SL,-0.9999999999999967
EURGBP,2015-11-02 12:00:00+00:00,2015-11-02 12:00:00+00:00,2015-11-02 15:00:00+00:00,-1,0.71209,0.7159420607377021,0.7024598481557449,0.7159420607377021,SL,-1.0000000000000009
EURGBP,2015-11-04 08:00:00+00:00,2015-11-04 08:00:00+00:00,2015-11-05 12:00:00+00:00,-1,0.70908,0.712325984790424,0.7009650380239403,0.712325984790424,SL,-1.0000000000000049
EURGBP,2015-11-11 16:00:00+00:00,2015-11-11 16:00:00+00:00,2015-11-12 17:00:00+00:00,-1,0.70581,0.7095845280596844,0.696373679850789,0.7095845280596844,SL,-0.9999999999999895
EURGBP,2015-11-17 08:00:00+00:00,2015-11-17 08:00:00+00:00,2015-11-20 16:00:00+00:00,-1,0.70168,0.7052112408765627,0.6928518978085932,0.70076,FRIDAY,0.26053164656822964
EURGBP,2016-01-14 12:00:00+00:00,2016-01-14 12:00:00+00:00,2016-01-14 14:00:00+00:00,1,0.76032,0.7547763220685819,0.7741791948285451,0.7547763220685819,SL,-1.0000000000000053
EURGBP,2016-02-04 12:00:00+00:00,2016-02-04 12:00:00+00:00,2016-02-05 16:00:00+00:00,1,0.76571,0.7600934738031946,0.7797513154920136,0.76931,FRIDAY,0.64096558510626
EURGBP,2016-02-08 16:00:00+00:00,2016-02-08 16:00:00+00:00,2016-02-11 13:00:00+00:00,1,0.77571,0.770398803735682,0.7889879906607951,0.7889879906607951,TP,2.500000000000002
EURGBP,2016-02-24 12:00:00+00:00,2016-02-24 12:00:00+00:00,2016-02-26 16:00:00+00:00,1,0.78943,0.7840365743222121,0.8029135641944696,0.78815,FRIDAY,-0.23732597359623744
EURGBP,2016-03-08 16:00:00+00:00,2016-03-08 16:00:00+00:00,2016-03-08 17:00:00+00:00,1,0.77808,0.7741597552111268,0.7878806119721832,0.7741597552111268,SL,-0.9999999999999871
EURGBP,2016-03-16 08:00:00+00:00,2016-03-16 08:00:00+00:00,2016-03-17 13:00:00+00:00,1,0.7863,0.7823807021466972,0.7960982446332571,0.7823807021466972,SL,-0.9999999999999896
EURGBP,2016-03-23 16:00:00+00:00,2016-03-23 16:00:00+00:00,2016-03-25 16:00:00+00:00,1,0.79195,0.7881156738281826,0.8015358154295437,0.79002,FRIDAY,-0.5033478930889416
EURGBP,2016-03-31 08:00:00+00:00,2016-03-31 08:00:00+00:00,2016-04-01 10:00:00+00:00,1,0.79085,0.7878755178346702,0.7982862054133245,0.7982862054133245,TP,2.4999999999999845
EURGBP,2016-04-05 16:00:00+00:00,2016-04-05 16:00:00+00:00,2016-04-08 16:00:00+00:00,1,0.80403,0.800391328172915,0.8131266795677126,0.80859,FRIDAY,1.2532045253592137
EURGBP,2016-06-13 08:00:00+00:00,2016-06-13 08:00:00+00:00,2016-06-13 14:00:00+00:00,1,0.79431,0.7890698782800045,0.8074103042999885,0.7890698782800045,SL,-1.000000000000003
EURGBP,2016-07-05 12:00:00+00:00,2016-07-05 12:00:00+00:00,2016-07-08 16:00:00+00:00,1,0.84966,0.8428527754686507,0.8666780613283733,0.85317,FRIDAY,0.5156286506836079
EURGBP,2016-08-10 16:00:00+00:00,2016-08-10 16:00:00+00:00,2016-08-12 16:00:00+00:00,1,0.85945,0.8554111347107867,0.8695471632230335,0.86385,FRIDAY,1.0894148937700534
EURGBP,2016-08-15 12:00:00+00:00,2016-08-15 12:00:00+00:00,2016-08-16 22:00:00+00:00,1,0.86719,0.863303694342392,0.8769057641440202,0.863303694342392,SL,-0.9999999999999927
EURGBP,2016-09-14 16:00:00+00:00,2016-09-14 16:00:00+00:00,2016-09-14 17:00:00+00:00,1,0.85365,0.8498521337587158,0.8631446656032103,0.8498521337587158,SL,-1.0000000000000124
EURGBP,2016-09-20 08:00:00+00:00,2016-09-20 08:00:00+00:00,2016-09-23 16:00:00+00:00,1,0.85938,0.855576670413475,0.8688883239663128,0.86604,FRIDAY,1.7510972553091115
EURGBP,2016-09-26 08:00:00+00:00,2016-09-26 08:00:00+00:00,2016-09-27 06:00:00+00:00,1,0.86873,0.8646365218357434,0.8789636954106416,0.8646365218357434,SL,-1.000000000000003
EURGBP,2016-10-04 08:00:00+00:00,2016-10-04 08:00:00+00:00,2016-10-06 23:00:00+00:00,1,0.8748,0.8702491930653923,0.8861770173365193,0.8861770173365193,TP,2.499999999999988
EURGBP,2016-10-28 12:00:00+00:00,2016-10-28 12:00:00+00:00,2016-10-28 16:00:00+00:00,1,0.89912,0.8947019254685464,0.910165186328634,0.89955,FRIDAY,0.09732746628392841
EURGBP,2016-11-01 16:00:00+00:00,2016-11-01 16:00:00+00:00,2016-11-02 12:00:00+00:00,1,0.90371,0.8993594450045524,0.9145863874886189,0.8993594450045524,SL,-1.0
EURGBP,2017-03-07 12:00:00+00:00,2017-03-07 12:00:00+00:00,2017-03-10 15:00:00+00:00,1,0.86764,0.8642671857250702,0.8760720356873243,0.8760720356873243,TP,2.499999999999998
EURGBP,2017-03-28 16:00:00+00:00,2017-03-28 16:00:00+00:00,2017-03-29 11:00:00+00:00,1,0.86794,0.8644856557176273,0.8765758607059321,0.8644856557176273,SL,-0.9999999999999934
EURGBP,2017-05-22 12:00:00+00:00,2017-05-22 12:00:00+00:00,2017-05-26 14:00:00+00:00,1,0.86369,0.8597065550543869,0.8736486123640327,0.8736486123640327,TP,2.499999999999997
EURGBP,2017-06-21 08:00:00+00:00,2017-06-21 08:00:00+00:00,2017-06-21 11:00:00+00:00,1,0.8839,0.880189482510755,0.8931762937231125,0.880189482510755,SL,-1.0000000000000053
EURGBP,2017-06-27 16:00:00+00:00,2017-06-27 16:00:00+00:00,2017-06-28 12:00:00+00:00,1,0.88564,0.8822334004713641,0.8941564988215898,0.8822334004713641,SL,-0.9999999999999901
EURGBP,2017-07-07 12:00:00+00:00,2017-07-07 12:00:00+00:00,2017-07-07 16:00:00+00:00,1,0.88446,0.88127770879127,0.8924157280218252,0.88478,FRIDAY,0.1005564792820092
EURGBP,2017-07-18 16:00:00+00:00,2017-07-18 16:00:00+00:00,2017-07-19 05:00:00+00:00,1,0.8889,0.8845682302022955,0.8997294244942614,0.8845682302022955,SL,-0.9999999999999962
EURGBP,2017-08-03 16:00:00+00:00,2017-08-03 16:00:00+00:00,2017-08-04 14:00:00+00:00,1,0.90392,0.8999138099085239,0.9139354752286901,0.8999138099085239,SL,-0.9999999999999957
EURGBP,2017-08-08 12:00:00+00:00,2017-08-08 12:00:00+00:00,2017-08-08 15:00:00+00:00,1,0.90679,0.9037760468476924,0.9143248828807689,0.9037760468476924,SL,-1.000000000000012
EURGBP,2017-08-21 16:00:00+00:00,2017-08-21 16:00:00+00:00,2017-08-25 16:00:00+00:00,1,0.91558,0.9118344770277027,0.924943807430743,0.92233,FRIDAY,1.8021515419674767
EURGBP,2017-08-29 12:00:00+00:00,2017-08-29 12:00:00+00:00,2017-08-29 20:00:00+00:00,1,0.92961,0.9261332850574228,0.9383017873564432,0.9261332850574228,SL,-1.0000000000000122
EURGBP,2017-11-28 16:00:00+00:00,2017-11-28 16:00:00+00:00,2017-11-28 17:00:00+00:00,1,0.89702,0.8937965357083093,0.9050786607292268,0.8937965357083093,SL,-1.0000000000000067
EURGBP,2018-02-13 16:00:00+00:00,2018-02-13 16:00:00+00:00,2018-02-15 13:00:00+00:00,1,0.89029,0.8862557418637717,0.9003756453405708,0.8862557418637717,SL,-1.000000000000013
EURGBP,2018-03-07 12:00:00+00:00,2018-03-07 12:00:00+00:00,2018-03-07 15:00:00+00:00,1,0.89546,0.8924018532651229,0.903105366837193,0.8924018532651229,SL,-0.9999999999999912
EURGBP,2018-04-12 16:00:00+00:00,2018-04-12 16:00:00+00:00,2018-04-13 16:00:00+00:00,-1,0.86479,0.8677815992083129,0.8573110019792177,0.86454,FRIDAY,0.0835673439494456
EURGBP,2018-04-17 12:00:00+00:00,2018-04-17 12:00:00+00:00,2018-04-17 18:00:00+00:00,-1,0.86267,0.8654082859055212,0.8558242852361971,0.8654082859055212,SL,-0.999999999999994
EURGBP,2018-07-17 12:00:00+00:00,2018-07-17 12:00:00+00:00,2018-07-19 08:00:00+00:00,1,0.88708,0.8845378765805466,0.8934353085486333,0.8934353085486333,TP,2.4999999999999902
EURGBP,2018-07-30 12:00:00+00:00,2018-07-30 12:00:00+00:00,2018-08-01 16:00:00+00:00,1,0.89113,0.8890479568803155,0.8963351077992113,0.8890479568803155,SL,-0.9999999999999958
EURGBP,2018-08-06 16:00:00+00:00,2018-08-06 16:00:00+00:00,2018-08-08 09:00:00+00:00,1,0.89328,0.8910106817541653,0.8989532956145866,0.8989532956145866,TP,2.499999999999999
EURGBP,2018-08-27 16:00:00+00:00,2018-08-27 16:00:00+00:00,2018-08-29 13:00:00+00:00,1,0.90585,0.9031611795669002,0.9125720510827495,0.9031611795669002,SL,-1.0000000000000038
EURGBP,2018-10-30 12:00:00+00:00,2018-10-30 12:00:00+00:00,2018-10-31 11:00:00+00:00,1,0.89076,0.8881078835389904,0.897390291152524,0.8881078835389904,SL,-1.0000000000000016
EURGBP,2018-11-13 16:00:00+00:00,2018-11-13 16:00:00+00:00,2018-11-14 10:00:00+00:00,-1,0.86794,0.8714239398758598,0.8592301503103508,0.8714239398758598,SL,-1.0000000000000064
EURGBP,2018-12-04 08:00:00+00:00,2018-12-04 08:00:00+00:00,2018-12-04 09:00:00+00:00,1,0.89346,0.8902457102103518,0.9014957244741206,0.8902457102103518,SL,-0.9999999999999936
EURGBP,2018-12-10 08:00:00+00:00,2018-12-10 08:00:00+00:00,2018-12-10 15:00:00+00:00,1,0.89806,0.8943236109797407,0.9074009725506481,0.9074009725506481,TP,2.499999999999996
EURGBP,2018-12-19 12:00:00+00:00,2018-12-19 12:00:00+00:00,2018-12-21 16:00:00+00:00,1,0.90144,0.8980946774097142,0.9098033064757146,0.9005,FRIDAY,-0.28098934396629843
EURGBP,2019-01-10 08:00:00+00:00,2019-01-10 08:00:00+00:00,2019-01-11 10:00:00+00:00,1,0.90439,0.9009134402159761,0.9130813994600598,0.9009134402159761,SL,-1.000000000000012
EURGBP,2019-02-19 12:00:00+00:00,2019-02-19 12:00:00+00:00,2019-02-22 16:00:00+00:00,-1,0.87338,0.8761296627657057,0.866505843085736,0.86847,FRIDAY,1.7856735237639378
EURGBP,2019-02-26 08:00:00+00:00,2019-02-26 08:00:00+00:00,2019-02-27 11:00:00+00:00,-1,0.86295,0.866162596529913,0.8549185086752175,0.8549185086752175,TP,2.499999999999984
EURGBP,2019-02-27 12:00:00+00:00,2019-02-27 12:00:00+00:00,2019-03-01 11:00:00+00:00,-1,0.85564,0.8594059241228845,0.8462251896927886,0.8594059241228845,SL,-1.000000000000001
EURGBP,2019-05-02 08:00:00+00:00,2019-05-02 08:00:00+00:00,2019-05-02 11:00:00+00:00,-1,0.85746,0.8594939211423152,0.8523751971442121,0.8594939211423152,SL,-0.9999999999999877
EURGBP,2019-06-17 12:00:00+00:00,2019-06-17 12:00:00+00:00,2019-06-18 14:00:00+00:00,1,0.89213,0.8897314127842932,0.8981264680392668,0.89213,BE,0.0
EURGBP,2019-06-24 16:00:00+00:00,2019-06-24 16:00:00+00:00,2019-06-25 06:00:00+00:00,1,0.89519,0.892060154963835,0.9030146125904128,0.892060154963835,SL,-0.9999999999999971
EURGBP,2019-06-26 08:00:00+00:00,2019-06-26 08:00:00+00:00,2019-06-27 13:00:00+00:00,1,0.89687,0.8940009617582263,0.9040425956044341,0.8940009617582263,SL,-0.9999999999999999
EURGBP,2019-06-28 08:00:00+00:00,2019-06-28 08:00:00+00:00,2019-06-28 13:00:00+00:00,1,0.89832,0.8953916797287571,0.9056408006781071,0.8953916797287571,SL,-1.0000000000000178
EURGBP,2019-07-09 12:00:00+00:00,2019-07-09 12:00:00+00:00,2019-07-11 10:00:00+00:00,1,0.89967,0.8975025189760547,0.9050887025598633,0.8975025189760547,SL,-0.9999999999999782
EURGBP,2019-07-16 08:00:00+00:00,2019-07-16 08:00:00+00:00,2019-07-18 09:00:00+00:00,1,0.90217,0.9000680375583683,0.9074249061040793,0.9000680375583683,SL,-1.0000000000000175
EURGBP,2019-07-29 08:00:00+00:00,2019-07-29 08:00:00+00:00,2019-07-29 14:00:00+00:00,1,0.90139,0.8984221422076981,0.9088096444807549,0.9088096444807549,TP,2.5000000000000075
EURGBP,2019-08-05 08:00:00+00:00,2019-08-05 08:00:00+00:00,2019-08-09 16:00:00+00:00,1,0.91921,0.9147943888201703,0.9302490279495742,0.92864,FRIDAY,2.1356047024873535
EURGBP,2019-10-31 12:00:00+00:00,2019-10-31 12:00:00+00:00,2019-11-01 15:00:00+00:00,-1,0.86032,0.8635475527206936,0.8522511181982657,0.8635475527206936,SL,-0.9999999999999842
EURGBP,2019-11-18 08:00:00+00:00,2019-11-18 08:00:00+00:00,2019-11-19 11:00:00+00:00,-1,0.85408,0.8563671230254646,0.8483621924363383,0.8563671230254646,SL,-0.9999999999999839
EURGBP,2019-11-25 16:00:00+00:00,2019-11-25 16:00:00+00:00,2019-11-26 08:00:00+00:00,-1,0.85305,0.8556263021658036,0.8466092445854908,0.8556263021658036,SL,-0.9999999999999869
EURGBP,2019-12-04 16:00:00+00:00,2019-12-04 16:00:00+00:00,2019-12-06 16:00:00+00:00,-1,0.84578,0.8487143682531502,0.8384440793671246,0.84326,FRIDAY,0.8587879170566475
EURGBP,2019-12-09 08:00:00+00:00,2019-12-09 08:00:00+00:00,2019-12-10 08:00:00+00:00,-1,0.84018,0.8427739265256639,0.8336951836858405,0.8427739265256639,SL,-1.000000000000006
EURGBP,2019-12-31 12:00:00+00:00,2019-12-31 12:00:00+00:00,2020-01-03 14:00:00+00:00,-1,0.84995,0.8534172994851176,0.8412817512872061,0.8534172994851176,SL,-1.0000000000000013
EURGBP,2020-01-22 16:00:00+00:00,2020-01-22 16:00:00+00:00,2020-01-23 13:00:00+00:00,-1,0.84279,0.8457707794929753,0.8353380512675619,0.8457707794929753,SL,-1.000000000000002
EURGBP,2020-01-23 16:00:00+00:00,2020-01-23 16:00:00+00:00,2020-01-24 16:00:00+00:00,-1,0.8419,0.8449521176628557,0.8342697058428605,0.84371,FRIDAY,-0.5930308723112658
EURGBP,2020-01-31 08:00:00+00:00,2020-01-31 08:00:00+00:00,2020-01-31 16:00:00+00:00,-1,0.83999,0.8427243969864039,0.8331540075339903,0.84059,FRIDAY,-0.21942680707420395
EURGBP,2020-02-11 12:00:00+00:00,2020-02-11 12:00:00+00:00,2020-02-13 11:00:00+00:00,-1,0.84397,0.846724023156054,0.8370849421098652,0.8370849421098652,TP,2.4999999999999853
EURGBP,2020-05-13 16:00:00+00:00,2020-05-13 16:00:00+00:00,2020-05-15 16:00:00+00:00,1,0.8865,0.8819420234815518,0.8978949412961202,0.89169,FRIDAY,1.1386631719127616
EURGBP,2020-05-21 08:00:00+00:00,2020-05-21 08:00:00+00:00,2020-05-21 10:00:00+00:00,1,0.89964,0.8957538778472389,0.9093553053819026,0.8957538778472389,SL,-1.0000000000000135
EURGBP,2020-05-29 08:00:00+00:00,2020-05-29 08:00:00+00:00,2020-05-29 14:00:00+00:00,1,0.90139,0.8980851926079617,0.9096520184800957,0.8980851926079617,SL,-1.00000000000001
EURGBP,2020-06-11 08:00:00+00:00,2020-06-11 08:00:00+00:00,2020-06-12 16:00:00+00:00,1,0.89619,0.8922446238318674,0.9060534404203315,0.89832,FRIDAY,0.5398724758374865
EURGBP,2020-06-19 12:00:00+00:00,2020-06-19 12:00:00+00:00,2020-06-19 16:00:00+00:00,1,0.90614,0.9021280858253592,0.9161697854366018,0.90518,FRIDAY,-0.2392872724117861
EURGBP,2020-07-14 08:00:00+00:00,2020-07-14 08:00:00+00:00,2020-07-17 12:00:00+00:00,1,0.90501,0.9020116475083245,0.9125058812291885,0.9125058812291885,TP,2.4999999999999822
EURGBP,2020-10-07 12:00:00+00:00,2020-10-07 12:00:00+00:00,2020-10-08 05:00:00+00:00,1,0.91436,0.9099381056529742,0.9254147358675645,0.9099381056529742,SL,-0.9999999999999939
EURGBP,2020-12-11 12:00:00+00:00,2020-12-11 12:00:00+00:00,2020-12-11 15:00:00+00:00,1,0.91952,0.9141646141958144,0.932908464510464,0.9141646141958144,SL,-0.9999999999999954
EURGBP,2020-12-21 08:00:00+00:00,2020-12-21 08:00:00+00:00,2020-12-21 19:00:00+00:00,1,0.91662,0.9110510360287605,0.9305424099280987,0.9110510360287605,SL,-1.0000000000000056
EURGBP,2021-02-02 12:00:00+00:00,2021-02-02 12:00:00+00:00,2021-02-02 14:00:00+00:00,-1,0.87971,0.8826510692602587,0.8723573268493532,0.8826510692602587,SL,-0.9999999999999936
EURGBP,2021-02-15 16:00:00+00:00,2021-02-15 16:00:00+00:00,2021-02-18 11:00:00+00:00,-1,0.872,0.8743351446717951,0.8661621383205124,0.8661621383205124,TP,2.500000000000017
EURGBP,2021-02-23 12:00:00+00:00,2021-02-23 12:00:00+00:00,2021-02-24 01:00:00+00:00,-1,0.86266,0.8650377938490998,0.8567155153772503,0.8567155153772503,TP,2.4999999999999822
EURGBP,2021-03-04 16:00:00+00:00,2021-03-04 16:00:00+00:00,2021-03-05 10:00:00+00:00,-1,0.86045,0.8636684912857507,0.8524037717856232,0.8636684912857507,SL,-0.999999999999986
EURGBP,2021-03-08 12:00:00+00:00,2021-03-08 12:00:00+00:00,2021-03-12 16:00:00+00:00,-1,0.85782,0.8612906486403582,0.8491433783991047,0.8591,FRIDAY,-0.3688071402894477
EURGBP,2021-03-17 08:00:00+00:00,2021-03-17 08:00:00+00:00,2021-03-17 14:00:00+00:00,-1,0.85442,0.8575608798919802,0.8465678002700495,0.8575608798919802,SL,-1.0000000000000082
EURGBP,2021-03-26 12:00:00+00:00,2021-03-26 12:00:00+00:00,2021-03-26 16:00:00+00:00,-1,0.85467,0.8574999055461073,0.847595236134732,0.85536,FRIDAY,-0.2438243922837342
EURGBP,2021-03-29 12:00:00+00:00,2021-03-29 12:00:00+00:00,2021-03-29 14:00:00+00:00,-1,0.85098,0.853992876126634,0.843447809683415,0.853992876126634,SL,-1.0000000000000167
EURGBP,2021-04-05 08:00:00+00:00,2021-04-05 08:00:00+00:00,2021-04-06 07:00:00+00:00,-1,0.84858,0.8509997689134211,0.8425305777164473,0.8509997689134211,SL,-1.0000000000000167
EURGBP,2021-05-12 12:00:00+00:00,2021-05-12 12:00:00+00:00,2021-05-13 06:00:00+00:00,-1,0.85759,0.8600844731304611,0.8513538171738472,0.8600844731304611,SL,-1.0000000000000038
EURGBP,2021-06-04 08:00:00+00:00,2021-06-04 08:00:00+00:00,2021-06-04 16:00:00+00:00,-1,0.8581,0.86020258822617,0.852843529434575,0.85884,FRIDAY,-0.35194718147358167
EURGBP,2021-06-11 12:00:00+00:00,2021-06-11 12:00:00+00:00,2021-06-11 16:00:00+00:00,-1,0.85728,0.859724036382968,0.8511699090425802,0.85741,FRIDAY,-0.05319069753049102
EURGBP,2021-06-17 08:00:00+00:00,2021-06-17 08:00:00+00:00,2021-06-18 06:00:00+00:00,-1,0.85539,0.8577923771673912,0.849384057081522,0.8577923771673912,SL,-1.0000000000000104
EURGBP,2021-06-23 08:00:00+00:00,2021-06-23 08:00:00+00:00,2021-06-24 11:00:00+00:00,-1,0.85394,0.8566427944474965,0.847183013881259,0.8566427944474965,SL,-1.0000000000000129
EURGBP,2021-07-06 12:00:00+00:00,2021-07-06 12:00:00+00:00,2021-07-06 14:00:00+00:00,-1,0.85459,0.8566963807304382,0.8493240481739044,0.8566963807304382,SL,-0.9999999999999911
EURGBP,2021-07-13 16:00:00+00:00,2021-07-13 16:00:00+00:00,2021-07-15 07:00:00+00:00,-1,0.85307,0.8555783343090819,0.8467991642272952,0.8555783343090819,SL,-0.9999999999999917
EURGBP,2021-08-06 12:00:00+00:00,2021-08-06 12:00:00+00:00,2021-08-06 16:00:00+00:00,-1,0.84832,0.8503710351256883,0.8431924121857789,0.84787,FRIDAY,0.21940141071397268
EURGBP,2021-08-10 12:00:00+00:00,2021-08-10 12:00:00+00:00,2021-08-11 00:00:00+00:00,-1,0.84563,0.8476342614734231,0.840619346316442,0.8476342614734231,SL,-0.9999999999999724
EURGBP,2021-09-16 12:00:00+00:00,2021-09-16 12:00:00+00:00,2021-09-16 13:00:00+00:00,-1,0.8505,0.8528029899295666,0.8447425251760836,0.8528029899295666,SL,-0.999999999999994
EURGBP,2021-10-07 16:00:00+00:00,2021-10-07 16:00:00+00:00,2021-10-08 16:00:00+00:00,-1,0.84797,0.8506988448397985,0.8411478879005038,0.8491,FRIDAY,-0.4140946321020614
EURGBP,2021-10-14 12:00:00+00:00,2021-10-14 12:00:00+00:00,2021-10-14 19:00:00+00:00,-1,0.84594,0.8482884971053818,0.8400687572365455,0.8482884971053818,SL,-0.99999999999999
EURGBP,2021-10-15 12:00:00+00:00,2021-10-15 12:00:00+00:00,2021-10-15 16:00:00+00:00,-1,0.84378,0.8462804307170761,0.8375289232073095,0.84285,FRIDAY,0.37193592033914186
EURGBP,2021-11-17 08:00:00+00:00,2021-11-17 08:00:00+00:00,2021-11-19 16:00:00+00:00,-1,0.84049,0.8435388792748825,0.8328678018127936,0.84088,FRIDAY,-0.12791585524980342
EURGBP,2021-12-28 16:00:00+00:00,2021-12-28 16:00:00+00:00,2021-12-31 16:00:00+00:00,-1,0.84133,0.8436598459606398,0.8355053850984004,0.83963,FRIDAY,0.7296619728169454
EURGBP,2022-01-04 12:00:00+00:00,2022-01-04 12:00:00+00:00,2022-01-07 16:00:00+00:00,-1,0.83551,0.8381740244725657,0.8288499388185856,0.83612,FRIDAY,-0.22897687550613996
EURGBP,2022-01-19 12:00:00+00:00,2022-01-19 12:00:00+00:00,2022-01-21 07:00:00+00:00,-1,0.83177,0.8339512369277942,0.8263169076805146,0.8339512369277942,SL,-0.999999999999993
EURGBP,2022-01-27 12:00:00+00:00,2022-01-27 12:00:00+00:00,2022-01-28 16:00:00+00:00,-1,0.83352,0.8359263151485521,0.8275042121286199,0.83232,FRIDAY,0.4986877968674052
EURGBP,2022-03-02 16:00:00+00:00,2022-03-02 16:00:00+00:00,2022-03-04 16:00:00+00:00,-1,0.83129,0.8351004941526818,0.8217637646182953,0.82604,FRIDAY,1.3777740601714146
EURGBP,2022-04-07 08:00:00+00:00,2022-04-07 08:00:00+00:00,2022-04-07 12:00:00+00:00,-1,0.83252,0.8351462216723808,0.825954445819048,0.8351462216723808,SL,-0.9999999999999993
EURGBP,2022-04-14 12:00:00+00:00,2022-04-14 12:00:00+00:00,2022-04-15 16:00:00+00:00,-1,0.82832,0.8309893924374787,0.821646518906303,0.82773,FRIDAY,0.22102407713316008
EURGBP,2022-06-14 16:00:00+00:00,2022-06-14 16:00:00+00:00,2022-06-15 12:00:00+00:00,1,0.86703,0.8625537500541448,0.8782206248646379,0.8625537500541448,SL,-0.999999999999993
EURGBP,2022-06-22 08:00:00+00:00,2022-06-22 08:00:00+00:00,2022-06-24 07:00:00+00:00,1,0.86136,0.8571561165382406,0.8718697086543984,0.8571561165382406,SL,-1.0000000000000018
EURGBP,2022-08-23 16:00:00+00:00,2022-08-23 16:00:00+00:00,2022-08-24 14:00:00+00:00,-1,0.842,0.8448198129403017,0.8349504676492455,0.8448198129403017,SL,-0.9999999999999873
EURGBP,2022-09-08 08:00:00+00:00,2022-09-08 08:00:00+00:00,2022-09-08 12:00:00+00:00,1,0.86899,0.8655383727501169,0.8776190681247079,0.8655383727501169,SL,-0.9999999999999892
EURGBP,2022-10-21 12:00:00+00:00,2022-10-21 12:00:00+00:00,2022-10-21 15:00:00+00:00,1,0.87727,0.872375126119901,0.8895071847002475,0.872375126119901,SL,-1.000000000000003
EURGBP,2022-11-09 16:00:00+00:00,2022-11-09 16:00:00+00:00,2022-11-10 09:00:00+00:00,1,0.88154,0.8765419107260654,0.8940352231848366,0.8765419107260654,SL,-0.9999999999999938
EURGBP,2022-12-22 12:00:00+00:00,2022-12-22 12:00:00+00:00,2022-12-23 16:00:00+00:00,1,0.88145,0.8771599229518677,0.8921751926203306,0.88003,FRIDAY,-0.33099638632788553
EURGBP,2022-12-27 16:00:00+00:00,2022-12-27 16:00:00+00:00,2022-12-28 10:00:00+00:00,1,0.88596,0.882373224375152,0.8949269390621198,0.882373224375152,SL,-1.0000000000000118
EURGBP,2023-01-23 12:00:00+00:00,2023-01-23 12:00:00+00:00,2023-01-23 22:00:00+00:00,1,0.88081,0.8771390237779334,0.8899874405551663,0.8771390237779334,SL,-1.0000000000000115
EURGBP,2023-01-24 16:00:00+00:00,2023-01-24 16:00:00+00:00,2023-01-25 22:00:00+00:00,1,0.88313,0.879517552404368,0.8921611189890799,0.879517552404368,SL,-0.9999999999999966
EURGBP,2023-02-01 08:00:00+00:00,2023-02-01 08:00:00+00:00,2023-02-02 09:00:00+00:00,1,0.88322,0.8805028305461502,0.8900129236346246,0.8900129236346246,TP,2.5000000000000187
EURGBP,2023-02-15 12:00:00+00:00,2023-02-15 12:00:00+00:00,2023-02-17 16:00:00+00:00,1,0.88837,0.8852087292529527,0.8962731768676182,0.88865,FRIDAY,0.08857197703220583
EURGBP,2023-03-07 16:00:00+00:00,2023-03-07 16:00:00+00:00,2023-03-09 13:00:00+00:00,1,0.89144,0.8880523694189701,0.8999090764525746,0.8880523694189701,SL,-1.0000000000000135
EURGBP,2023-04-25 12:00:00+00:00,2023-04-25 12:00:00+00:00,2023-04-25 17:00:00+00:00,1,0.88652,0.8842326975834454,0.8922382560413864,0.8842326975834454,SL,-1.0000000000000147
EURGBP,2023-06-09 12:00:00+00:00,2023-06-09 12:00:00+00:00,2023-06-09 16:00:00+00:00,-1,0.85734,0.8592782090497197,0.8524944773757005,0.85456,FRIDAY,1.4343138065534808
EURGBP,2023-07-04 12:00:00+00:00,2023-07-04 12:00:00+00:00,2023-07-07 16:00:00+00:00,-1,0.85695,0.8592953485809653,0.8510866285475867,0.85401,FRIDAY,1.2535450055743345
EURGBP,2023-08-17 16:00:00+00:00,2023-08-17 16:00:00+00:00,2023-08-18 06:00:00+00:00,-1,0.85278,0.8550788130068523,0.8470329674828692,0.8550788130068523,SL,-0.9999999999999821
EURGBP,2023-08-22 16:00:00+00:00,2023-08-22 16:00:00+00:00,2023-08-23 09:00:00+00:00,-1,0.85185,0.8540504504238456,0.8463488739403859,0.8540504504238456,SL,-1.000000000000017
EURGBP,2023-09-05 16:00:00+00:00,2023-09-05 16:00:00+00:00,2023-09-05 21:00:00+00:00,-1,0.85257,0.8548597491972786,0.8468456270068035,0.8548597491972786,SL,-0.9999999999999803
EURGBP,2023-11-09 16:00:00+00:00,2023-11-09 16:00:00+00:00,2023-11-10 16:00:00+00:00,1,0.87208,0.8699949016191741,0.8772927459520645,0.87479,FRIDAY,1.2996988654927055
EURGBP,2023-11-16 08:00:00+00:00,2023-11-16 08:00:00+00:00,2023-11-16 17:00:00+00:00,1,0.87575,0.8732920463721887,0.8818948840695284,0.8732920463721887,SL,-0.9999999999999806
EURGBP,2024-01-17 12:00:00+00:00,2024-01-17 12:00:00+00:00,2024-01-19 16:00:00+00:00,-1,0.85714,0.8594843949311397,0.8512790126721509,0.85832,FRIDAY,-0.5033281655434798
EURGBP,2024-02-07 16:00:00+00:00,2024-02-07 16:00:00+00:00,2024-02-07 22:00:00+00:00,-1,0.85159,0.8535938577984635,0.8465803555038411,0.8535938577984635,SL,-1.0000000000000158
EURGBP,2024-02-13 12:00:00+00:00,2024-02-13 12:00:00+00:00,2024-02-14 07:00:00+00:00,-1,0.85075,0.8525494771403941,0.8462513071490149,0.8525494771403941,SL,-1.000000000000013
EURGBP,2024-02-23 12:00:00+00:00,2024-02-23 12:00:00+00:00,2024-02-23 16:00:00+00:00,-1,0.85379,0.8556399048943294,0.8491652377641766,0.85358,FRIDAY,0.11351934936967306
EURGBP,2024-05-22 16:00:00+00:00,2024-05-22 16:00:00+00:00,2024-05-23 09:00:00+00:00,-1,0.85089,0.8524824557127607,0.8469088607180983,0.8524824557127607,SL,-0.9999999999999957
EURGBP,2024-06-10 16:00:00+00:00,2024-06-10 16:00:00+00:00,2024-06-10 21:00:00+00:00,-1,0.84438,0.8462044541448979,0.8398188646377552,0.8462044541448979,SL,-0.9999999999999731
EURGBP,2024-07-08 12:00:00+00:00,2024-07-08 12:00:00+00:00,2024-07-08 21:00:00+00:00,-1,0.84416,0.8458180078159859,0.8400149804600353,0.8458180078159859,SL,-1.0000000000000084
EURGBP,2024-07-11 16:00:00+00:00,2024-07-11 16:00:00+00:00,2024-07-12 16:00:00+00:00,-1,0.84153,0.8431096061184804,0.837580984703799,0.83961,FRIDAY,1.2154928861931378
EURGBP,2024-07-24 12:00:00+00:00,2024-07-24 12:00:00+00:00,2024-07-25 06:00:00+00:00,-1,0.83954,0.8412240002480637,0.8353299993798408,0.8412240002480637,SL,-1.0000000000000213
EURGBP,2024-08-27 12:00:00+00:00,2024-08-27 12:00:00+00:00,2024-08-30 16:00:00+00:00,-1,0.84416,0.8462130316378926,0.8390274209052686,0.84232,FRIDAY,0.8962355796371592
EURGBP,2024-09-20 08:00:00+00:00,2024-09-20 08:00:00+00:00,2024-09-20 16:00:00+00:00,-1,0.83849,0.8406908092501691,0.8329879768745769,0.83878,FRIDAY,-0.13176971151757724
EURGBP,2024-09-23 08:00:00+00:00,2024-09-23 08:00:00+00:00,2024-09-25 11:00:00+00:00,-1,0.83694,0.8390678085561877,0.8316204786095308,0.83694,BE,-0.0
EURGBP,2024-10-15 08:00:00+00:00,2024-10-15 08:00:00+00:00,2024-10-16 06:00:00+00:00,-1,0.83362,0.8354273509870324,0.8291016225324191,0.8354273509870324,SL,-0.9999999999999979
EURGBP,2024-10-18 08:00:00+00:00,2024-10-18 08:00:00+00:00,2024-10-18 14:00:00+00:00,-1,0.83055,0.8328913661591307,0.8246965846021733,0.8328913661591307,SL,-1.0000000000000169
EURGBP,2024-10-29 16:00:00+00:00,2024-10-29 16:00:00+00:00,2024-10-30 08:00:00+00:00,-1,0.83028,0.832323580524807,0.8251710486879825,0.832323580524807,SL,-1.0000000000000056
EURGBP,2024-11-11 08:00:00+00:00,2024-11-11 08:00:00+00:00,2024-11-12 15:00:00+00:00,-1,0.82894,0.8314794982430534,0.8225912543923665,0.8314794982430534,SL,-1.0000000000000104
EURGBP,2024-12-02 08:00:00+00:00,2024-12-02 08:00:00+00:00,2024-12-02 22:00:00+00:00,-1,0.82809,0.8303059094533077,0.8225502263667306,0.8303059094533077,SL,-0.9999999999999865
EURGBP,2024-12-10 16:00:00+00:00,2024-12-10 16:00:00+00:00,2024-12-12 15:00:00+00:00,-1,0.82454,0.8264346110187165,0.8198034724532088,0.8264346110187165,SL,-0.9999999999999856
EURGBP,2025-02-17 16:00:00+00:00,2025-02-17 16:00:00+00:00,2025-02-21 16:00:00+00:00,-1,0.83129,0.8332625540793351,0.826358614801662,0.82721,FRIDAY,2.068384356476063
EURGBP,2025-06-12 12:00:00+00:00,2025-06-12 12:00:00+00:00,2025-06-13 09:00:00+00:00,1,0.85268,0.8501522859556221,0.8589992851109448,0.8501522859556221,SL,-0.999999999999996
EURGBP,2025-06-30 08:00:00+00:00,2025-06-30 08:00:00+00:00,2025-07-02 12:00:00+00:00,1,0.8557,0.8534097786768136,0.8614255533079661,0.8614255533079661,TP,2.4999999999999862
EURGBP,2025-07-14 16:00:00+00:00,2025-07-14 16:00:00+00:00,2025-07-15 16:00:00+00:00,1,0.86884,0.8664929417371681,0.8747076456570797,0.8664929417371681,SL,-0.9999999999999963
EURGBP,2025-07-22 16:00:00+00:00,2025-07-22 16:00:00+00:00,2025-07-23 07:00:00+00:00,1,0.86902,0.8668277935886503,0.8745005160283744,0.8668277935886503,SL,-1.000000000000007
EURGBP,2025-07-25 08:00:00+00:00,2025-07-25 08:00:00+00:00,2025-07-25 16:00:00+00:00,1,0.87268,0.8704081516530727,0.8783596208673181,0.87351,FRIDAY,0.3653412874686842
EURGBP,2025-08-07 08:00:00+00:00,2025-08-07 08:00:00+00:00,2025-08-07 11:00:00+00:00,1,0.87408,0.8718695563983857,0.8796061090040357,0.8718695563983857,SL,-0.9999999999999969
EURGBP,2025-08-19 08:00:00+00:00,2025-08-19 08:00:00+00:00,2025-08-19 21:00:00+00:00,1,0.86417,0.8622016750682108,0.869090812329473,0.8622016750682108,SL,-1.000000000000004
EURGBP,2025-08-20 16:00:00+00:00,2025-08-20 16:00:00+00:00,2025-08-22 16:00:00+00:00,1,0.86612,0.8638728284768221,0.8717379288079447,0.86598,FRIDAY,-0.06230054028187751
EURGBP,2025-08-29 08:00:00+00:00,2025-08-29 08:00:00+00:00,2025-08-29 16:00:00+00:00,1,0.86549,0.8634086759976238,0.8706933100059403,0.86574,FRIDAY,0.1201158491972233
EURGBP,2025-09-02 12:00:00+00:00,2025-09-02 12:00:00+00:00,2025-09-03 12:00:00+00:00,1,0.87025,0.8676854341906503,0.8766614145233742,0.8676854341906503,SL,-1.0000000000000104
EURGBP,2025-09-25 12:00:00+00:00,2025-09-25 12:00:00+00:00,2025-09-26 13:00:00+00:00,1,0.87475,0.8726533787018872,0.8799915532452822,0.8726533787018872,SL,-0.999999999999977
EURGBP,2025-10-24 08:00:00+00:00,2025-10-24 08:00:00+00:00,2025-10-24 16:00:00+00:00,1,0.87259,0.8704714500596412,0.8778863748508969,0.8743,FRIDAY,0.8071558604421625
EURGBP,2025-10-28 12:00:00+00:00,2025-10-28 12:00:00+00:00,2025-10-29 13:00:00+00:00,1,0.8761,0.8739556693134715,0.8814608267163212,0.8814608267163212,TP,2.499999999999984
EURGBP,2025-11-12 16:00:00+00:00,2025-11-12 16:00:00+00:00,2025-11-13 22:00:00+00:00,1,0.883,0.8807433903264071,0.8886415241839823,0.8807433903264071,SL,-0.9999999999999766
EURGBP,2025-12-02 12:00:00+00:00,2025-12-02 12:00:00+00:00,2025-12-03 09:00:00+00:00,1,0.87984,0.8776706558288873,0.8852633604277816,0.8776706558288873,SL,-1.0000000000000129
EURGBP,2026-02-27 08:00:00+00:00,2026-02-27 08:00:00+00:00,2026-02-27 16:00:00+00:00,1,0.87603,0.8739813848852542,0.8811515377868644,0.87823,FRIDAY,1.07389620635157
EURGBP,2026-04-07 16:00:00+00:00,2026-04-07 16:00:00+00:00,2026-04-07 20:00:00+00:00,1,0.87403,0.8722083086113244,0.8785842284716889,0.8722083086113244,SL,-1.0000000000000033
EURGBP,2026-06-24 08:00:00+00:00,2026-06-24 08:00:00+00:00,2026-06-24 14:00:00+00:00,-1,0.86079,0.862597525231215,0.8562711869219626,0.862597525231215,SL,-0.9999999999999774
EURGBP,2026-07-01 12:00:00+00:00,2026-07-01 12:00:00+00:00,2026-07-02 07:00:00+00:00,-1,0.85974,0.8613604009858844,0.8556889975352888,0.8556889975352888,TP,2.499999999999989
EURGBP,2026-07-02 08:00:00+00:00,2026-07-02 08:00:00+00:00,2026-07-02 12:00:00+00:00,-1,0.85535,0.8570894670342938,0.8510013324142657,0.8570894670342938,SL,-0.9999999999999926
EURGBP,2026-07-10 12:00:00+00:00,2026-07-10 12:00:00+00:00,2026-07-10 16:00:00+00:00,-1,0.85139,0.8529467305889632,0.8474981735275918,0.85227,FRIDAY,-0.5652872797893992
EURGBP,2026-08-10 12:00:00+00:00,2026-08-10 12:00:00+00:00,2026-08-14 16:00:00+00:00,-1,0.85563,0.8568340074063512,0.8526199814841221,0.85439,FRIDAY,1.0298939968799163
