pair,signal_dt,entry_dt,exit_dt,side,entry,signal_close,stop,target,exit,reason,r,atr,execution_tf
EURUSD,2013-09-19 12:00:00,2013-09-19 12:00:00,2013-09-20 16:00:00,1,135510.5,135504.0,134982.01312544194,136831.71718639514,135265.5,FRIDAY,-0.46358767226693814,352.3245830387061,m30
EURUSD,2013-10-14 16:00:00,2013-10-14 16:00:00,2013-10-15 11:00:00,1,135846.5,135841.0,135420.1680229076,136912.32994273095,135413.6680229076,SL,-1.0152463346623524,284.2213180615908,m30
EURUSD,2013-10-17 16:00:00,2013-10-17 16:00:00,2013-10-18 16:00:00,1,136762.5,136755.0,136218.7015329603,138121.99616759925,136772.5,FRIDAY,0.01838916548337722,362.53231135980377,m30
EURUSD,2013-10-24 08:00:00,2013-10-24 08:00:00,2013-10-24 10:00:00,1,138071.5,138063.0,137676.10822216177,139059.9794445956,137669.60822216177,SL,-1.0164393909138072,263.59451855882867,m30
EURUSD,2013-11-27 08:00:00,2013-11-27 08:00:00,2013-11-29 16:00:00,1,135809.5,135805.0,135380.23385817994,136882.66535455012,135986.5,FRIDAY,0.41233161145562425,286.17742788003375,m30
EURUSD,2013-12-05 08:00:00,2013-12-05 08:00:00,2013-12-05 14:00:00,1,136260.5,136255.0,135803.85687183897,137402.1078204026,135797.35687183897,SL,-1.0142343103380589,304.4287521073609,m30
EURUSD,2013-12-10 16:00:00,2013-12-10 16:00:00,2013-12-12 19:00:00,1,137834.5,137827.0,137401.02790216412,138918.1802445897,137394.52790216412,SL,-1.0149951981510645,288.9813985572502,m30
EURUSD,2013-12-27 08:00:00,2013-12-27 08:00:00,2013-12-27 12:30:00,1,137639.5,137631.0,137258.72069763817,138591.44825590457,138584.94825590457,TP,2.4829297444486214,253.85286824121704,m30
EURUSD,2014-02-14 12:00:00,2014-02-14 12:00:00,2014-02-14 16:00:00,1,136954.5,136949.0,136534.69765617998,138004.0058595501,136852.5,FRIDAY,-0.24297148765736118,279.86822921335414,m30
EURUSD,2014-02-18 12:00:00,2014-02-18 12:00:00,2014-02-20 09:00:00,1,137265.5,137259.0,136930.68177965176,138102.5455508706,136924.18177965176,SL,-1.019413519351608,223.21214689882754,m30
EURUSD,2014-03-07 12:00:00,2014-03-07 12:00:00,2014-03-07 16:00:00,1,138869.5,138865.0,138461.38759944757,139889.78100138108,138698.5,FRIDAY,-0.419002215488993,272.07493370162075,m30
EURUSD,2014-03-13 12:00:00,2014-03-13 12:00:00,2014-03-13 17:00:00,1,139518.5,139512.0,139148.37463238585,140443.8134190354,139141.87463238585,SL,-1.0175616171403927,246.75024507610834,m30
EURUSD,2014-05-01 12:00:00,2014-05-01 12:00:00,2014-05-02 14:30:00,1,138811.5,138805.0,138496.2037078047,139599.7407304883,138489.7037078047,SL,-1.0206155294587498,210.19752813020887,m30
EURUSD,2014-05-06 16:00:00,2014-05-06 16:00:00,2014-05-08 14:30:00,1,139326.5,139318.0,139025.6826111991,140078.54347200226,139019.1826111991,SL,-1.021607793438788,200.54492586726585,m30
EURUSD,2014-07-29 16:00:00,2014-07-29 16:00:00,2014-08-01 14:30:00,-1,134123.5,134149.0,134338.37931977893,133586.3017005527,134117.0,BE,0.03024953730627735,143.25287985261463,m30
EURUSD,2014-08-06 16:00:00,2014-08-06 16:00:00,2014-08-06 18:00:00,-1,133470.5,133475.0,133721.22570295914,132843.68574260216,133727.72570295914,SL,-1.025924745342397,167.15046863942194,m30
EURUSD,2014-08-19 12:00:00,2014-08-19 12:00:00,2014-08-20 12:00:00,-1,133451.5,133458.0,133717.27563580143,132787.0609104964,132793.5609104964,TP,2.4755432811574356,177.1837572009612,m30
EURUSD,2014-09-02 12:00:00,2014-09-02 12:00:00,2014-09-03 08:00:00,-1,131109.5,131116.0,131384.6973095031,130421.50672624224,131391.1973095031,SL,-1.023619416962069,183.46487300207036,m30
EURUSD,2014-09-25 08:00:00,2014-09-25 08:00:00,2014-09-26 16:00:00,-1,127649.5,127657.0,128036.75811510658,126681.35471223356,126977.5,FRIDAY,1.7352767412377048,258.1720767377192,m30
EURUSD,2014-10-22 12:00:00,2014-10-22 12:00:00,2014-10-24 16:00:00,-1,126882.5,126889.0,127478.21371962765,125393.21570093089,126839.5,FRIDAY,0.07218232278900212,397.14247975176534,m30
EURUSD,2014-10-30 08:00:00,2014-10-30 08:00:00,2014-10-31 16:00:00,-1,125970.5,125977.0,126492.2063305237,124666.23417369075,125069.5,FRIDAY,1.727025238692344,347.8042203491334,m30
EURUSD,2014-12-03 08:00:00,2014-12-03 08:00:00,2014-12-04 15:30:00,-1,123712.5,123721.0,124145.51398901347,122629.96502746633,123706.0,BE,0.015011062378859642,288.6759926756448,m30
EURUSD,2014-12-08 12:00:00,2014-12-08 12:00:00,2014-12-08 19:30:00,-1,122586.5,122596.0,123134.2902575691,121217.02435607727,123140.7902575691,SL,-1.0118658554258504,365.1935050460618,m30
EURUSD,2014-12-18 12:00:00,2014-12-18 12:00:00,2014-12-19 16:00:00,-1,123019.5,123028.0,123742.62473650399,121211.68815874001,122932.5,FRIDAY,0.12031119336424372,482.0831576693304,m30
EURUSD,2014-12-23 16:00:00,2014-12-23 16:00:00,2014-12-26 16:00:00,-1,121858.5,121865.0,122358.53874966179,120608.40312584554,121795.5,FRIDAY,0.12599023584194538,333.3591664411912,m30
EURUSD,2014-12-30 08:00:00,2014-12-30 08:00:00,2014-12-30 10:00:00,-1,121326.5,121336.0,121721.212280659,120339.71929835247,121727.712280659,SL,-1.0164676913247843,263.1415204393406,m30
EURUSD,2015-01-07 16:00:00,2015-01-07 16:00:00,2015-01-09 16:00:00,-1,118287.5,118295.0,118894.87145128437,116769.07137178906,117877.5,FRIDAY,0.6750399597033976,404.9143008562514,m30
EURUSD,2015-01-23 12:00:00,2015-01-23 12:00:00,2015-01-23 16:00:00,-1,112321.5,112323.0,113303.54170159089,109866.39574602277,112349.5,FRIDAY,-0.028512027498058853,654.6944677272609,m30
EURUSD,2015-02-09 16:00:00,2015-02-09 16:00:00,2015-02-12 15:30:00,-1,112929.5,112935.0,113655.72977512101,111113.92556219747,113662.22977512101,SL,-1.0089503353107774,484.15318341400666,m30
EURUSD,2015-03-04 12:00:00,2015-03-04 12:00:00,2015-03-05 18:30:00,-1,111297.5,111302.0,111796.75060595639,110049.37348510901,110055.87348510901,TP,2.4869804865082843,332.8337373042625,m30
EURUSD,2015-03-06 12:00:00,2015-03-06 12:00:00,2015-03-06 16:00:00,-1,109661.5,109671.0,110193.8947410736,108330.51314731599,108959.5,FRIDAY,1.31857050012248,354.9298273824026,m30
EURUSD,2015-03-10 08:00:00,2015-03-10 08:00:00,2015-03-11 10:00:00,-1,107972.5,107977.0,108544.76652126311,106541.83369684222,106548.33369684222,TP,2.48864165601431,381.5110141754074,m30
EURUSD,2015-03-27 12:00:00,2015-03-27 12:00:00,2015-03-27 16:00:00,-1,108202.5,108207.0,109082.64088436191,106002.14778909522,108755.5,FRIDAY,-0.6283085013155765,586.7605895746091,m30
EURUSD,2015-03-31 08:00:00,2015-03-31 08:00:00,2015-04-02 16:00:00,-1,107962.5,107967.0,108756.86516981076,105976.5870754731,108763.36516981076,SL,-1.0081826346962663,529.5767798738386,m30
EURUSD,2015-04-09 12:00:00,2015-04-09 12:00:00,2015-04-10 16:00:00,-1,107432.5,107439.0,108142.10547841966,105658.48630395086,105899.5,FRIDAY,2.160355361706202,473.0703189464378,m30
EURUSD,2015-04-13 12:00:00,2015-04-13 12:00:00,2015-04-14 15:30:00,-1,105553.5,105561.0,106258.63393541622,103790.66516145943,106265.13393541622,SL,-1.0092181069063948,470.08929027748366,m30
EURUSD,2015-05-26 12:00:00,2015-05-26 12:00:00,2015-05-28 21:30:00,-1,108900.5,108907.0,109576.16885444484,107211.32786388788,109582.66885444484,SL,-1.0096200971189293,450.44590296323037,m30
EURUSD,2015-07-07 12:00:00,2015-07-07 12:00:00,2015-07-07 22:00:00,-1,109653.5,109660.0,110424.48952575463,107726.02618561343,110430.98952575463,SL,-1.008430724131618,513.9930171697508,m30
EURUSD,2015-07-16 12:00:00,2015-07-16 12:00:00,2015-07-17 16:00:00,-1,109025.5,109034.0,109709.03029068773,107316.67427328067,108656.5,FRIDAY,0.5398444005001339,455.6868604584869,m30
EURUSD,2015-08-05 08:00:00,2015-08-05 08:00:00,2015-08-05 15:00:00,-1,108664.5,108671.0,109266.79173618852,107158.77065952872,109273.29173618852,SL,-1.01079211220984,401.52782412567564,m30
EURUSD,2015-11-04 12:00:00,2015-11-04 12:00:00,2015-11-06 15:30:00,-1,109167.5,109173.0,109671.82981789918,107906.67545525204,107913.17545525204,TP,2.4871116087740543,336.2198785994537,m30
EURUSD,2015-11-10 16:00:00,2015-11-10 16:00:00,2015-11-11 04:00:00,-1,106945.5,106953.0,107508.61383617375,105537.71540956562,107515.11383617375,SL,-1.0115429591362306,375.4092241158362,m30
EURUSD,2015-11-25 16:00:00,2015-11-25 16:00:00,2015-11-27 16:00:00,-1,105909.5,105910.0,106482.3747651446,104477.31308713848,105790.5,FRIDAY,0.20772428328198655,381.9165100964051,m30
EURUSD,2016-01-05 12:00:00,2016-01-05 12:00:00,2016-01-07 11:00:00,-1,107727.5,107735.0,108303.11773986761,106288.455650331,108309.61773986761,SL,-1.0112922162570974,383.7451599117344,m30
EURUSD,2016-02-29 16:00:00,2016-02-29 16:00:00,2016-03-03 18:00:00,-1,108838.5,108845.0,109420.1238641994,107384.4403395015,109426.6238641994,SL,-1.011175607467453,387.74924279960203,m30
EURUSD,2016-04-19 12:00:00,2016-04-19 12:00:00,2016-04-20 22:00:00,1,113331.5,113326.0,112909.53062993697,114386.42342515758,112903.03062993697,SL,-1.0154039616643935,281.3129133753542,m30
EURUSD,2016-04-29 08:00:00,2016-04-29 08:00:00,2016-04-29 16:00:00,1,113945.5,113938.0,113451.98498975998,115179.28752560006,114136.5,FRIDAY,0.38701963676263135,329.010006826682,m30
EURUSD,2016-06-23 16:00:00,2016-06-23 16:00:00,2016-06-24 02:00:00,1,113912.5,113906.0,113298.69220635276,115447.01948411811,113292.19220635276,SL,-1.0105896341937486,409.20519576482917,m30
EURUSD,2016-09-08 12:00:00,2016-09-08 12:00:00,2016-09-09 15:30:00,1,112726.5,112722.0,112339.70230781256,113693.4942304686,112333.20230781256,SL,-1.016804650418777,257.8651281249576,m30
EURUSD,2016-10-21 08:00:00,2016-10-21 08:00:00,2016-10-21 16:00:00,-1,109019.5,109026.0,109444.22569177498,107957.68577056254,108730.5,FRIDAY,0.6804391766182829,283.15046118332197,m30
EURUSD,2016-10-25 16:00:00,2016-10-25 16:00:00,2016-10-25 18:00:00,-1,108570.5,108577.0,108933.0172590575,107664.20685235625,108939.5172590575,SL,-1.017930180805441,241.6781727050006,m30
EURUSD,2016-11-10 12:00:00,2016-11-10 12:00:00,2016-11-11 16:00:00,-1,108932.5,108938.0,109819.58999189106,106714.77502027237,109021.5,FRIDAY,-0.10032803978576535,591.3933279273698,m30
EURUSD,2016-11-14 12:00:00,2016-11-14 12:00:00,2016-11-18 16:00:00,-1,107564.5,107571.0,108371.66552006481,105546.58619983798,106109.5,FRIDAY,1.8026042538129914,538.1103467098726,m30
EURUSD,2017-01-03 16:00:00,2017-01-03 16:00:00,2017-01-04 16:00:00,-1,103904.5,103910.0,104504.28418930237,102405.03952674406,104510.78418930237,SL,-1.0108372313174099,399.8561262015849,m30
EURUSD,2017-02-15 12:00:00,2017-02-15 12:00:00,2017-02-15 18:30:00,-1,105542.5,105553.0,105949.86767766664,104524.0808058334,105956.36767766664,SL,-1.0159561014689003,271.5784517777604,m30
EURUSD,2017-02-21 12:00:00,2017-02-21 12:00:00,2017-02-23 15:30:00,-1,105415.5,105422.0,105816.80197948315,104412.24505129212,105823.30197948315,SL,-1.0161972786886468,267.5346529887697,m30
EURUSD,2017-03-01 12:00:00,2017-03-01 12:00:00,2017-03-03 16:00:00,-1,105388.5,105395.0,105827.9066222653,104289.98344433673,105690.5,FRIDAY,-0.6872905065542129,292.9377481768728,m30
EURUSD,2017-03-09 08:00:00,2017-03-09 08:00:00,2017-03-09 11:30:00,-1,105316.5,105323.0,105653.46494212751,104474.08764468123,105659.96494212751,SL,-1.0192898405364101,224.643294751673,m30
EURUSD,2017-06-27 16:00:00,2017-06-27 16:00:00,2017-06-28 09:00:00,1,112771.5,112766.0,112398.03342549245,113705.16643626888,113698.66643626888,TP,2.4825954973117126,248.97771633836732,m30
EURUSD,2017-06-28 12:00:00,2017-06-28 12:00:00,2017-06-28 15:00:00,1,113607.5,113601.0,113185.71095962873,114661.97260092814,113179.21095962873,SL,-1.01541054740134,281.19269358083955,m30
EURUSD,2017-06-29 08:00:00,2017-06-29 08:00:00,2017-06-30 16:00:00,1,114021.5,114015.0,113543.61737173022,115216.20657067445,114118.5,FRIDAY,0.20297871121868954,318.58841884651986,m30
EURUSD,2017-07-12 08:00:00,2017-07-12 08:00:00,2017-07-12 10:30:00,1,114860.5,114854.0,114515.79892806742,115722.25267983144,114509.29892806742,SL,-1.0188569184411334,229.80071462171557,m30
EURUSD,2017-07-18 08:00:00,2017-07-18 08:00:00,2017-07-20 14:30:00,1,115278.5,115273.0,114877.00750478431,116282.23123803922,114870.50750478431,SL,-1.0161895927755908,267.6616634771261,m30
EURUSD,2017-07-25 16:00:00,2017-07-25 16:00:00,2017-07-25 22:30:00,1,116889.5,116882.0,116442.2999617057,118007.50009573573,116435.7999617057,SL,-1.0145348824762903,298.13335886286217,m30
EURUSD,2017-07-27 08:00:00,2017-07-27 08:00:00,2017-07-27 14:30:00,1,117492.5,117487.0,116947.92433541351,118853.93916146623,116941.42433541351,SL,-1.0119358987606109,363.0504430576618,m30
EURUSD,2017-08-02 12:00:00,2017-08-02 12:00:00,2017-08-04 16:00:00,1,118547.5,118542.0,118024.57607927297,119854.80980181757,118288.5,FRIDAY,-0.49529193393928295,348.6159471513493,m30
EURUSD,2017-09-07 12:00:00,2017-09-07 12:00:00,2017-09-08 05:30:00,1,119596.5,119587.0,119123.14882028704,120779.87794928243,120773.37794928243,TP,2.486268123375257,315.56745314197866,m30
EURUSD,2017-09-08 08:00:00,2017-09-08 08:00:00,2017-09-08 16:00:00,1,120704.5,120696.0,120083.84505327177,122256.13736682059,120415.5,FRIDAY,-0.465637149149386,413.76996448549096,m30
EURUSD,2017-09-20 08:00:00,2017-09-20 08:00:00,2017-09-20 21:00:00,1,120074.5,120068.0,119602.81454254159,121253.71364364603,119596.31454254159,SL,-1.0137803697299241,314.4569716389392,m30
EURUSD,2017-10-19 16:00:00,2017-10-19 16:00:00,2017-10-20 16:00:00,1,118307.5,118302.0,117881.63431812722,119372.16420468192,118003.5,FRIDAY,-0.71384009780535,283.9104545818465,m30
EURUSD,2017-10-26 08:00:00,2017-10-26 08:00:00,2017-10-26 14:30:00,1,118265.5,118259.0,117912.21789970041,119148.70525074899,117905.71789970041,SL,-1.0183988942391553,235.52140019972848,m30
EURUSD,2017-11-23 08:00:00,2017-11-23 08:00:00,2017-11-24 16:00:00,1,118299.5,118293.0,117882.79720855736,119341.25697860662,118957.5,FRIDAY,1.5790630960785426,277.8018609617658,m30
EURUSD,2017-11-27 16:00:00,2017-11-27 16:00:00,2017-11-27 17:30:00,1,119594.5,119589.0,119185.22838678963,120617.67903302592,119178.72838678963,SL,-1.0158818735289512,272.8477421402467,m30
EURUSD,2017-12-27 16:00:00,2017-12-27 16:00:00,2017-12-29 11:00:00,1,119019.5,119012.0,118699.84519682593,119818.63700793518,119812.13700793518,TP,2.4796655644293217,213.10320211604727,m30
EURUSD,2017-12-29 12:00:00,2017-12-29 12:00:00,2017-12-29 16:00:00,1,119818.5,119812.0,119490.58116393333,120638.29709016668,119861.5,FRIDAY,0.13113000922965387,218.61255737778106,m30
EURUSD,2018-01-02 12:00:00,2018-01-02 12:00:00,2018-01-02 17:00:00,1,120711.5,120705.0,120327.75487656926,121670.86280857683,120321.25487656926,SL,-1.0169383259958982,255.83008228715426,m30
EURUSD,2018-01-15 08:00:00,2018-01-15 08:00:00,2018-01-19 16:00:00,1,122236.5,122230.0,121637.36596177389,123734.33509556527,122427.5,FRIDAY,0.3187934382187737,399.42269215074043,m30
EURUSD,2018-01-24 08:00:00,2018-01-24 08:00:00,2018-01-25 08:30:00,1,123250.5,123244.0,122713.62510638023,124592.68723404942,124586.18723404942,TP,2.4878928963204623,357.91659574650953,m30
EURUSD,2018-02-13 08:00:00,2018-02-13 08:00:00,2018-02-14 22:30:00,1,123140.5,123135.0,122547.52873130157,124622.92817174605,124616.42817174605,TP,2.489038254729825,395.3141791322824,m30
EURUSD,2018-02-15 12:00:00,2018-02-15 12:00:00,2018-02-16 16:00:00,1,124877.5,124872.0,124244.61585350525,126459.71036623688,124519.5,FRIDAY,-0.5656643510234757,421.9227643298345,m30
EURUSD,2018-03-26 12:00:00,2018-03-26 12:00:00,2018-03-28 16:30:00,1,123927.5,123922.0,123447.05254856433,125128.61862858916,123440.55254856433,SL,-1.013529055010243,320.2983009571104,m30
EURUSD,2018-06-21 12:00:00,2018-06-21 12:00:00,2018-06-21 15:30:00,-1,115184.5,115193.0,115693.96409260265,113910.83976849339,115700.46409260265,SL,-1.012758504660848,339.6427284017615,m30
EURUSD,2018-06-27 16:00:00,2018-06-27 16:00:00,2018-06-29 06:00:00,-1,115961.5,115968.0,116455.2634628891,114727.09134277725,116461.7634628891,SL,-1.0131641980189503,329.1756419260672,m30
EURUSD,2018-07-13 12:00:00,2018-07-13 12:00:00,2018-07-13 16:00:00,-1,116264.5,116271.0,116695.73627813571,115186.40930466074,116454.5,FRIDAY,-0.44059372931562607,287.4908520904687,m30
EURUSD,2018-07-19 16:00:00,2018-07-19 16:00:00,2018-07-19 20:00:00,-1,115854.5,115861.0,116289.03598453473,114768.16003866318,116295.53598453473,SL,-1.0149584849847575,289.6906563564847,m30
EURUSD,2018-07-27 12:00:00,2018-07-27 12:00:00,2018-07-27 16:00:00,-1,116250.5,116257.0,116691.53898200639,115147.90254498404,116390.5,FRIDAY,-0.3174322581716237,294.02598800425477,m30
EURUSD,2018-08-02 08:00:00,2018-08-02 08:00:00,2018-08-03 10:30:00,-1,116461.5,116469.0,116791.14643125849,115637.38392185378,115643.88392185378,TP,2.4802819039320925,219.76428750565913,m30
EURUSD,2018-08-03 12:00:00,2018-08-03 12:00:00,2018-08-03 16:00:00,-1,115781.5,115786.0,116124.62680243807,114923.68299390483,115953.5,FRIDAY,-0.5012724123497879,228.75120162537945,m30
EURUSD,2018-08-06 16:00:00,2018-08-06 16:00:00,2018-08-07 09:30:00,-1,115414.5,115421.0,115782.23051787502,114495.17370531244,115788.73051787502,SL,-1.0176759873984969,245.15367858334884,m30
EURUSD,2018-08-13 08:00:00,2018-08-13 08:00:00,2018-08-13 15:30:00,-1,113655.5,113662.0,114148.40736192251,112423.23159519373,114154.90736192251,SL,-1.0131870621178245,328.604907948336,m30
EURUSD,2018-08-15 08:00:00,2018-08-15 08:00:00,2018-08-16 04:30:00,-1,113246.5,113253.0,113730.97838418242,112035.30403954393,113737.47838418242,SL,-1.0134164912454566,322.9855894549521,m30
EURUSD,2018-10-09 16:00:00,2018-10-09 16:00:00,2018-10-09 20:30:00,-1,114484.5,114491.0,114924.99408755741,113383.26478110647,114931.49408755741,SL,-1.0147561571962105,293.6627250382745,m30
EURUSD,2018-10-19 12:00:00,2018-10-19 12:00:00,2018-10-19 16:00:00,-1,114477.5,114485.0,114867.98562918341,113501.28592704146,114649.5,FRIDAY,-0.44047715753249816,260.3237527889437,m30
EURUSD,2018-10-24 16:00:00,2018-10-24 16:00:00,2018-10-26 16:00:00,-1,114037.5,114044.0,114484.72979963676,112919.42550090811,113447.5,FRIDAY,1.3192323062533025,298.15319975783734,m30
EURUSD,2018-10-31 16:00:00,2018-10-31 16:00:00,2018-11-01 09:00:00,-1,113185.5,113192.0,113589.3567467052,112175.858133237,113595.8567467052,SL,-1.0160948159292404,269.23783113680213,m30
EURUSD,2018-11-09 08:00:00,2018-11-09 08:00:00,2018-11-09 16:00:00,-1,113480.5,113487.0,113970.97583232431,112254.3104191892,113515.5,FRIDAY,-0.07135927540841012,326.9838882162102,m30
EURUSD,2018-11-12 08:00:00,2018-11-12 08:00:00,2018-11-14 01:00:00,-1,113087.5,113094.0,113535.52923782362,111967.42690544095,113081.0,BE,0.014507981737028827,298.6861585490789,m30
EURUSD,2018-11-27 12:00:00,2018-11-27 12:00:00,2018-11-28 19:00:00,-1,113087.5,113094.0,113459.08746213999,112158.53134465005,113465.58746213999,SL,-1.0174925170041247,247.72497475998807,m30
EURUSD,2019-01-22 16:00:00,2019-01-22 16:00:00,2019-01-23 17:30:00,-1,113446.5,113451.0,113747.91713482456,112692.95716293862,113754.41713482456,SL,-1.0215647992400578,200.94475654970213,m30
EURUSD,2019-02-11 12:00:00,2019-02-11 12:00:00,2019-02-12 20:00:00,-1,113016.5,113023.0,113290.13794478231,112332.40513804424,113296.63794478231,SL,-1.023754015566729,182.42529652153746,m30
EURUSD,2019-03-04 12:00:00,2019-03-04 12:00:00,2019-03-07 15:30:00,-1,113417.5,113424.0,113752.52992767672,112579.9251808082,112586.4251808082,TP,2.480598748162372,223.35328511781168,m30
EURUSD,2019-03-28 16:00:00,2019-03-28 16:00:00,2019-03-29 16:00:00,-1,112161.5,112168.0,112532.11586271378,111234.96034321554,112352.5,FRIDAY,-0.5153584053349188,247.0772418091881,m30
EURUSD,2019-04-18 16:00:00,2019-04-18 16:00:00,2019-04-19 16:00:00,-1,112392.5,112401.0,112681.63785075174,111669.65537312067,112443.5,FRIDAY,-0.17638645326927593,192.75856716782414,m30
EURUSD,2019-04-25 16:00:00,2019-04-25 16:00:00,2019-04-26 16:00:00,-1,111296.5,111304.0,111602.21558743289,110532.21103141777,111482.5,FRIDAY,-0.608408624374865,203.81039162192846,m30
EURUSD,2019-05-03 08:00:00,2019-05-03 08:00:00,2019-05-03 16:00:00,-1,111674.5,111681.0,111970.48310264964,110934.5422433759,111602.5,FRIDAY,0.24325712973293273,197.32206843309493,m30
EURUSD,2019-05-15 16:00:00,2019-05-15 16:00:00,2019-05-15 17:00:00,-1,111825.5,111833.0,112118.06390330534,111094.09024173663,112124.56390330534,SL,-1.0222173683306757,195.0426022035665,m30
EURUSD,2019-05-20 08:00:00,2019-05-20 08:00:00,2019-05-21 17:30:00,-1,111528.5,111535.0,111785.41882072046,110886.20294819887,111791.91882072046,SL,-1.025299820315911,171.27921381363583,m30
EURUSD,2019-05-23 12:00:00,2019-05-23 12:00:00,2019-05-23 18:00:00,-1,111386.5,111393.0,111616.43379357735,110811.66551605662,111622.93379357735,SL,-1.0282690069122482,153.2891957182356,m30
EURUSD,2019-05-29 12:00:00,2019-05-29 12:00:00,2019-05-31 16:00:00,-1,111537.5,111542.0,111773.25386426917,110948.1153393271,111563.5,FRIDAY,-0.11028451253853282,157.16924284610823,m30
EURUSD,2019-07-09 12:00:00,2019-07-09 12:00:00,2019-07-10 11:00:00,-1,111979.5,111986.0,112225.01672353165,111365.7081911709,112231.51672353165,SL,-1.0264747749420313,163.6778156877616,m30
EURUSD,2019-07-23 08:00:00,2019-07-23 08:00:00,2019-07-25 10:30:00,-1,111913.5,111920.0,112177.5507801825,111253.37304954375,111259.87304954375,TP,2.475383522837871,176.0338534550017,m30
EURUSD,2019-08-01 16:00:00,2019-08-01 16:00:00,2019-08-01 18:00:00,-1,110289.5,110297.0,110624.47484636944,109452.06288407638,110630.97484636944,SL,-1.0194044420661565,223.3165642462972,m30
EURUSD,2019-08-12 12:00:00,2019-08-12 12:00:00,2019-08-12 15:30:00,-1,111750.5,111757.0,112119.95953073983,110826.85117315043,112126.45953073983,SL,-1.0175932665398606,246.30635382655277,m30
EURUSD,2019-08-16 12:00:00,2019-08-16 12:00:00,2019-08-16 16:00:00,-1,110832.5,110841.0,111168.5750942868,109992.31226428301,110744.5,FRIDAY,0.26184624060509293,224.05006285786484,m30
EURUSD,2019-08-29 16:00:00,2019-08-29 16:00:00,2019-08-29 17:30:00,-1,110698.5,110702.0,110927.97793199938,110124.80517000153,110934.47793199938,SL,-1.0283251637460857,152.98528799959158,m30
EURUSD,2019-08-30 12:00:00,2019-08-30 12:00:00,2019-08-30 16:00:00,-1,110378.5,110380.0,110625.06725677145,109762.08185807137,110386.5,FRIDAY,-0.032445508396986414,164.37817118096694,m30
EURUSD,2019-09-03 08:00:00,2019-09-03 08:00:00,2019-09-03 17:00:00,-1,109397.5,109404.0,109679.8958454786,108691.5103863035,109686.3958454786,SL,-1.0230173357861825,188.26389698573362,m30
EURUSD,2019-09-11 16:00:00,2019-09-11 16:00:00,2019-09-12 11:00:00,-1,110000.5,110005.0,110294.77214596898,109264.81963507754,110301.27214596898,SL,-1.022088397046857,196.1814306459898,m30
EURUSD,2019-11-25 12:00:00,2019-11-25 12:00:00,2019-11-29 16:00:00,-1,110126.5,110133.0,110371.63770323369,109513.65574191576,109931.5,FRIDAY,0.7954712695260268,163.42513548912854,m30
EURUSD,2020-01-24 12:00:00,2020-01-24 12:00:00,2020-01-24 16:00:00,-1,110351.5,110358.0,110616.35144298096,109689.37139254762,110392.5,FRIDAY,-0.15480376296438972,176.56762865396854,m30
EURUSD,2020-01-28 16:00:00,2020-01-28 16:00:00,2020-01-29 02:30:00,-1,110045.5,110052.0,110269.14424659846,109486.38938350385,110275.64424659846,SL,-1.02906401617239,149.09616439897246,m30
EURUSD,2020-01-29 16:00:00,2020-01-29 16:00:00,2020-01-29 21:30:00,-1,109917.5,109924.0,110131.66669344295,109382.08326639263,110138.16669344295,SL,-1.030350190757991,142.77779562863367,m30
EURUSD,2020-02-05 16:00:00,2020-02-05 16:00:00,2020-02-07 12:00:00,-1,110115.5,110122.0,110349.39971998477,109530.75070003809,109537.25070003809,TP,2.4722103130332154,155.93314665650897,m30
EURUSD,2020-02-10 16:00:00,2020-02-10 16:00:00,2020-02-12 21:00:00,-1,109319.5,109326.0,109558.80930376564,108721.22674058593,108727.72674058593,TP,2.4728384985551073,159.5395358437534,m30
EURUSD,2020-04-03 12:00:00,2020-04-03 12:00:00,2020-04-03 16:00:00,-1,107973.5,107980.0,108740.36050453101,106056.34873867247,107768.5,FRIDAY,0.26732371635878166,511.24033635400684,m30
EURUSD,2020-04-23 12:00:00,2020-04-23 12:00:00,2020-04-23 17:00:00,-1,107954.5,107961.0,108431.35365400453,106762.36586498866,108437.85365400453,SL,-1.0136310164458429,317.90243600302364,m30
EURUSD,2020-04-24 12:00:00,2020-04-24 12:00:00,2020-04-24 15:00:00,-1,107550.5,107557.0,108066.76314215537,106259.84214461157,108073.26314215537,SL,-1.0125904785161681,344.17542810358026,m30
EURUSD,2020-05-06 12:00:00,2020-05-06 12:00:00,2020-05-08 03:30:00,-1,108013.5,108017.0,108483.8975950493,106837.50601237675,108490.3975950493,SL,-1.0138180978568196,313.59839669953345,m30
EURUSD,2020-06-23 12:00:00,2020-06-23 12:00:00,2020-06-25 09:00:00,1,112910.5,112904.0,112398.48353652595,114190.54115868511,112391.98353652595,SL,-1.0126949042925335,341.3443089826973,m30
EURUSD,2020-07-02 12:00:00,2020-07-02 12:00:00,2020-07-02 16:00:00,1,112979.5,112973.0,112528.71362560532,114106.4659359867,112522.21362560532,SL,-1.0144192468300142,300.52424959645066,m30
EURUSD,2020-07-06 16:00:00,2020-07-06 16:00:00,2020-07-07 10:00:00,1,113301.5,113294.0,112883.55239201845,114346.36901995387,112877.05239201845,SL,-1.0155521885419938,278.631738654364,m30
EURUSD,2020-07-09 08:00:00,2020-07-09 08:00:00,2020-07-09 12:00:00,1,113656.5,113649.0,113202.98812706683,114790.27968233296,113196.48812706683,SL,-1.0143325905845704,302.3412486221203,m30
EURUSD,2020-07-15 12:00:00,2020-07-15 12:00:00,2020-07-16 11:30:00,1,114373.5,114370.0,113912.77286776401,115525.31783058996,113906.27286776401,SL,-1.0141081337416746,307.15142149065656,m30
EURUSD,2020-07-20 12:00:00,2020-07-20 12:00:00,2020-07-20 16:30:00,1,114578.5,114575.0,114138.69590208324,115678.0102447919,114132.19590208324,SL,-1.0147793074934566,293.2027319445081,m30
EURUSD,2020-07-27 08:00:00,2020-07-27 08:00:00,2020-07-30 22:00:00,1,117057.5,117051.0,116505.84164861885,118436.64587845285,118430.14587845285,TP,2.4882173450583482,367.7722342540949,m30
EURUSD,2020-07-31 08:00:00,2020-07-31 08:00:00,2020-07-31 12:00:00,1,118981.5,118976.0,118413.75004147398,120400.87489631506,118407.25004147398,SL,-1.011448701849093,378.49997235068247,m30
EURUSD,2020-08-13 12:00:00,2020-08-13 12:00:00,2020-08-14 12:00:00,1,118391.5,118381.0,117863.88085579907,119710.54786050231,117857.38085579907,SL,-1.012319492329736,351.74609613394944,m30
EURUSD,2020-08-18 12:00:00,2020-08-18 12:00:00,2020-08-19 19:00:00,1,119108.5,119102.0,118667.41347343817,120211.21631640458,118660.91347343817,SL,-1.0147363376765706,294.0576843745555,m30
EURUSD,2020-08-28 12:00:00,2020-08-28 12:00:00,2020-08-28 16:00:00,1,119097.5,119091.0,118485.42911212782,120627.67721968045,118850.5,FRIDAY,-0.40354802833161724,408.0472585814523,m30
EURUSD,2020-08-31 16:00:00,2020-08-31 16:00:00,2020-09-02 10:00:00,1,119349.5,119338.0,118797.10439661173,120730.48900847069,118790.60439661173,SL,-1.0117669292806197,368.2637355921842,m30
EURUSD,2020-10-20 16:00:00,2020-10-20 16:00:00,2020-10-23 03:00:00,1,118092.5,118087.0,117720.83205000132,119021.66987499669,118099.0,BE,0.017488728850639852,247.7786333324501,m30
EURUSD,2020-11-17 16:00:00,2020-11-17 16:00:00,2020-11-19 01:30:00,1,118866.5,118859.0,118489.0494114757,119810.12647131074,118482.5494114757,SL,-1.0172207970993365,251.63372568286388,m30
EURUSD,2020-11-23 16:00:00,2020-11-23 16:00:00,2020-11-23 16:30:00,1,119001.5,118995.0,118649.61838938402,119881.20402653996,118643.11838938402,SL,-1.0184721218838797,234.5877404106566,m30
EURUSD,2020-11-30 12:00:00,2020-11-30 12:00:00,2020-11-30 18:00:00,1,119848.5,119842.0,119520.23120555378,120669.17198611554,119513.73120555378,SL,-1.0198008464708699,218.8458629641441,m30
EURUSD,2020-12-03 08:00:00,2020-12-03 08:00:00,2020-12-04 16:00:00,1,121202.5,121196.0,120781.66702624576,122254.58243438561,121451.5,FRIDAY,0.5916836738782022,280.5553158361625,m30
EURUSD,2020-12-14 16:00:00,2020-12-14 16:00:00,2020-12-14 17:00:00,1,121718.5,121713.0,121301.07475860025,122762.06310349937,121294.57475860025,SL,-1.0155716505743648,278.2834942664992,m30
EURUSD,2020-12-17 08:00:00,2020-12-17 08:00:00,2020-12-18 16:00:00,1,122266.5,122260.0,121789.85923122126,123458.10192194687,122481.5,FRIDAY,0.4510734584262981,317.7605125191663,m30
EURUSD,2021-01-06 12:00:00,2021-01-06 12:00:00,2021-01-06 17:30:00,1,123389.5,123382.0,122902.6941122694,124606.51471932651,122896.1941122694,SL,-1.013352344669251,324.53725848706887,m30
EURUSD,2021-02-16 12:00:00,2021-02-16 12:00:00,2021-02-16 15:30:00,1,121533.5,121526.0,121232.04052135539,122287.14869661153,121225.54052135539,SL,-1.021561770189549,200.97298576307605,m30
EURUSD,2021-02-22 16:00:00,2021-02-22 16:00:00,2021-02-24 17:00:00,1,121479.5,121474.0,121106.0048894529,122413.23777636774,121099.5048894529,SL,-1.0174031729370785,248.99674036472865,m30
EURUSD,2021-02-25 12:00:00,2021-02-25 12:00:00,2021-02-25 20:30:00,1,122205.5,122198.0,121773.64292895974,123285.14267760063,121767.14292895974,SL,-1.0150512760723118,287.90471402683306,m30
EURUSD,2021-04-19 16:00:00,2021-04-19 16:00:00,2021-04-21 12:30:00,1,120407.5,120402.0,120030.65920642417,121349.60198393957,120024.15920642417,SL,-1.0172486633899704,251.22719571722047,m30
EURUSD,2021-04-26 08:00:00,2021-04-26 08:00:00,2021-04-26 16:30:00,1,121088.5,121082.0,120722.35004156709,122003.8748960823,120715.85004156709,SL,-1.0177522893292463,244.0999722886142,m30
EURUSD,2021-05-07 12:00:00,2021-05-07 12:00:00,2021-05-07 16:00:00,1,120881.5,120875.0,120539.32738172871,121736.9315456782,121283.5,FRIDAY,1.174845614564294,228.11507884752254,m30
EURUSD,2021-05-18 16:00:00,2021-05-18 16:00:00,2021-05-19 21:00:00,1,122219.5,122212.0,121829.16203177132,123195.3449205717,121822.66203177132,SL,-1.0166522360852843,260.2253121524544,m30
EURUSD,2021-05-25 12:00:00,2021-05-25 12:00:00,2021-05-26 15:00:00,1,122596.5,122590.0,122224.75803753146,123525.85490617137,122218.25803753146,SL,-1.017485246908454,247.8279749790312,m30
EURUSD,2021-08-04 12:00:00,2021-08-04 12:00:00,2021-08-04 15:30:00,-1,118504.5,118511.0,118809.73269554504,117741.41826113741,118816.23269554504,SL,-1.021295228508848,203.48846369669172,m30
EURUSD,2021-08-06 12:00:00,2021-08-06 12:00:00,2021-08-06 16:00:00,-1,118102.5,118109.0,118396.50110215528,117367.49724461179,117849.5,FRIDAY,0.860540991667346,196.00073477018873,m30
EURUSD,2021-08-10 16:00:00,2021-08-10 16:00:00,2021-08-11 15:30:00,-1,117154.5,117161.0,117422.28300731251,116485.04248171873,117428.78300731251,SL,-1.0242733848769394,178.5220048750047,m30
EURUSD,2021-08-19 08:00:00,2021-08-19 08:00:00,2021-08-20 16:00:00,-1,116761.5,116768.0,117083.90641135494,115955.48397161267,116684.5,FRIDAY,0.23882899746441988,214.93760756995533,m30
EURUSD,2021-09-16 16:00:00,2021-09-16 16:00:00,2021-09-17 10:00:00,-1,117544.5,117552.0,117848.04885102807,116785.62787242982,117854.54885102807,SL,-1.0214133572832989,202.3659006853808,m30
EURUSD,2021-09-20 08:00:00,2021-09-20 08:00:00,2021-09-21 14:30:00,-1,117142.5,117149.0,117422.41961276154,116442.70096809616,117428.91961276154,SL,-1.023220952386585,186.61307517435753,m30
EURUSD,2021-09-28 12:00:00,2021-09-28 12:00:00,2021-09-29 19:30:00,-1,116800.5,116806.0,117090.64567764814,116075.13580587965,116081.63580587965,TP,2.4775974605147097,193.43045176542722,m30
EURUSD,2021-10-06 12:00:00,2021-10-06 12:00:00,2021-10-08 15:30:00,-1,115514.5,115521.0,115822.66555055945,114744.08612360137,115829.16555055945,SL,-1.021092558815238,205.44370037296545,m30
EURUSD,2021-10-12 16:00:00,2021-10-12 16:00:00,2021-10-13 16:30:00,-1,115408.5,115413.0,115688.76252555502,114707.84368611245,115695.26252555502,SL,-1.0231925405907674,186.84168370334476,m30
EURUSD,2021-11-11 12:00:00,2021-11-11 12:00:00,2021-11-12 16:00:00,-1,114623.5,114632.0,115027.48795668919,113613.53010827702,114464.5,FRIDAY,0.3935760890078374,269.3253044594617,m30
EURUSD,2021-11-24 12:00:00,2021-11-24 12:00:00,2021-11-26 10:00:00,-1,112074.5,112082.0,112471.94553350701,111080.88616623248,112478.44553350701,SL,-1.0163544421864485,264.96368900467087,m30
EURUSD,2021-12-07 16:00:00,2021-12-07 16:00:00,2021-12-08 04:00:00,-1,112395.5,112400.0,112827.64284163332,111315.14289591668,112834.14284163332,SL,-1.0150413228538722,288.09522775555024,m30
EURUSD,2021-12-29 12:00:00,2021-12-29 12:00:00,2021-12-29 15:00:00,-1,112792.5,112801.0,113096.61382551484,112032.21543621291,113103.11382551484,SL,-1.0213735761240077,202.74255034322354,m30
EURUSD,2022-01-24 16:00:00,2022-01-24 16:00:00,2022-01-24 20:00:00,-1,112952.5,112959.0,113295.40641952258,112095.23395119356,113301.90641952258,SL,-1.0189556089648406,228.60427968171768,m30
EURUSD,2022-01-25 12:00:00,2022-01-25 12:00:00,2022-01-27 09:30:00,-1,112872.5,112879.0,113209.53829175305,112029.90427061736,112036.40427061736,TP,2.4807143575105455,224.69219450203784,m30
EURUSD,2022-01-27 12:00:00,2022-01-27 12:00:00,2022-01-28 16:00:00,-1,111958.5,111965.0,112308.47251869069,111083.56870327328,111691.5,FRIDAY,0.7629170455980344,233.31501246045644,m30
EURUSD,2022-02-24 16:00:00,2022-02-24 16:00:00,2022-02-24 22:00:00,-1,111610.5,111617.0,112153.29937654306,110253.50155864234,112159.79937654306,SL,-1.0119749584853845,361.86625102870835,m30
EURUSD,2022-03-02 12:00:00,2022-03-02 12:00:00,2022-03-04 15:30:00,-1,110814.5,110821.0,111458.02753419169,109205.68116452079,109212.18116452079,TP,2.489899422084292,429.0183561277904,m30
GBPUSD,2013-10-01 08:00:00,2013-10-01 08:00:00,2013-10-02 02:30:00,1,162325.0,162319.0,161763.3450335108,163729.137416223,161755.3450335108,SL,-1.014243620153518,374.4366443261327,m30
GBPUSD,2013-10-17 16:00:00,2013-10-17 16:00:00,2013-10-18 16:00:00,1,161459.0,161464.0,160727.51301979704,163287.7174505074,161773.0,FRIDAY,0.4292625959150765,487.657986801969,m30
GBPUSD,2013-11-06 08:00:00,2013-11-06 08:00:00,2013-11-07 13:30:00,1,160828.0,160818.0,160306.41456415431,162131.96358961423,160298.41456415431,SL,-1.01533785157751,347.72362389712885,m30
GBPUSD,2013-11-14 16:00:00,2013-11-14 16:00:00,2013-11-15 16:00:00,1,160789.0,160784.0,160046.12301499816,162646.19246250464,161207.0,FRIDAY,0.5626772782561806,495.2513233345685,m30
GBPUSD,2013-11-20 12:00:00,2013-11-20 12:00:00,2013-11-20 20:30:00,1,161517.0,161509.0,160960.5135583591,162908.21610410232,160952.5135583591,SL,-1.014375911794718,370.9909610939497,m30
GBPUSD,2013-11-28 12:00:00,2013-11-28 12:00:00,2013-11-29 16:00:00,1,163413.0,163405.0,162865.29283000395,164782.26792499016,163284.0,FRIDAY,-0.2355273165420276,365.1381133307063,m30
GBPUSD,2013-12-18 16:00:00,2013-12-18 16:00:00,2013-12-19 14:30:00,1,163923.0,163915.0,163368.64017823202,165308.89955441994,163360.64017823202,SL,-1.014431060271459,369.57321451198266,m30
GBPUSD,2013-12-26 16:00:00,2013-12-26 16:00:00,2013-12-27 12:30:00,1,164185.0,164178.0,163687.88954720847,165427.77613197884,165419.77613197884,TP,2.483906997016277,331.40696852769463,m30
GBPUSD,2014-01-02 08:00:00,2014-01-02 08:00:00,2014-01-02 10:00:00,1,165925.0,165919.00000000003,165433.81772097584,167152.95569756036,165425.81772097584,SL,-1.0162872325441001,327.4548526827662,m30
GBPUSD,2014-01-22 16:00:00,2014-01-22 16:00:00,2014-01-24 13:30:00,1,165644.0,165634.0,165047.99732371574,167134.00669071067,165039.99732371574,SL,-1.0134227585182576,397.3351175228413,m30
GBPUSD,2014-02-12 16:00:00,2014-02-12 16:00:00,2014-02-14 09:30:00,1,165594.0,165581.0,165009.01655020815,167056.4586244796,167048.4586244796,TP,2.486324399428978,389.9889665278948,m30
GBPUSD,2014-02-14 12:00:00,2014-02-14 12:00:00,2014-02-14 16:00:00,1,166946.0,166939.0,166418.70418290928,168264.2395427268,167147.0,FRIDAY,0.3811902038384989,351.5305447271477,m30
GBPUSD,2014-04-08 16:00:00,2014-04-08 16:00:00,2014-04-11 16:00:00,1,167424.0,167417.00000000003,166979.873037548,168534.31740612997,167297.0,FRIDAY,-0.2859542669934869,296.08464163465374,m30
GBPUSD,2014-05-01 12:00:00,2014-05-01 12:00:00,2014-05-02 11:30:00,1,169088.0,169080.0,168714.94827830407,170020.62930423985,168706.94827830407,SL,-1.0214447475637396,248.70114779729272,m30
GBPUSD,2014-05-06 16:00:00,2014-05-06 16:00:00,2014-05-07 21:30:00,1,169921.0,169908.0,169536.28397342374,170882.79006644065,169528.28397342374,SL,-1.0207945587065983,256.47735105083717,m30
GBPUSD,2014-06-13 08:00:00,2014-06-13 08:00:00,2014-06-13 16:00:00,1,169641.0,169635.0,169159.4153966754,170844.96150831145,169534.0,FRIDAY,-0.22218318289524758,321.05640221638544,m30
GBPUSD,2014-06-16 08:00:00,2014-06-16 08:00:00,2014-06-17 10:30:00,1,170035.0,170025.0,169582.55233329273,171166.1191667682,169574.55233329273,SL,-1.0176816029535785,301.63177780485523,m30
GBPUSD,2014-06-19 12:00:00,2014-06-19 12:00:00,2014-06-20 16:00:00,1,170202.0,170193.0,169755.0458180869,171319.38545478278,170214.0,FRIDAY,0.026848389579074743,297.96945460874446,m30
GBPUSD,2014-06-30 16:00:00,2014-06-30 16:00:00,2014-07-01 11:30:00,1,170524.99999999997,170522.0,170165.5224946094,171423.69376347636,171415.69376347636,TP,2.477745478145251,239.65167026037167,m30
GBPUSD,2014-07-01 16:00:00,2014-07-01 16:00:00,2014-07-03 14:30:00,1,171471.0,171462.0,171084.07048125984,172438.3237968504,171076.07048125984,SL,-1.0206756001094175,257.95301249343845,m30
GBPUSD,2014-07-15 16:00:00,2014-07-15 16:00:00,2014-07-16 10:30:00,1,171689.0,171681.0,171266.36860243484,172745.57849391294,171258.36860243484,SL,-1.018929024313089,281.7542650434476,m30
GBPUSD,2014-09-29 08:00:00,2014-09-29 08:00:00,2014-09-29 17:30:00,-1,162174.0,162184.0,162723.92897311974,160799.17756720065,162731.92897311974,SL,-1.0145473331848922,366.6193154131577,m30
GBPUSD,2014-10-02 16:00:00,2014-10-02 16:00:00,2014-10-03 15:00:00,-1,161431.0,161435.0,162051.78697337038,159879.03256657402,159887.03256657402,TP,2.4871131316487225,413.85798224693025,m30
GBPUSD,2014-10-14 16:00:00,2014-10-14 16:00:00,2014-10-15 14:30:00,-1,159153.0,159159.0,159899.5962657807,157286.5093355482,159907.5962657807,SL,-1.0107152960263315,497.7308438538109,m30
GBPUSD,2014-11-13 16:00:00,2014-11-13 16:00:00,2014-11-14 15:00:00,-1,157470.0,157478.0,158025.16935734864,156082.07660662843,156090.07660662843,TP,2.4855899827789423,370.1129048990855,m30
GBPUSD,2014-12-23 16:00:00,2014-12-23 16:00:00,2014-12-26 16:00:00,-1,155039.0,155045.0,155692.52660999738,153405.18347500655,155597.0,FRIDAY,-0.8538290430166738,435.68440666492467,m30
GBPUSD,2015-01-07 16:00:00,2015-01-07 16:00:00,2015-01-09 15:30:00,-1,151040.0,151047.0,151707.75769654257,149370.60575864356,151715.75769654257,SL,-1.0119803935490526,445.1717976950533,m30
GBPUSD,2015-03-05 08:00:00,2015-03-05 08:00:00,2015-03-06 15:30:00,-1,152450.0,152459.0,152921.89396208723,151270.2650947819,151278.2650947819,TP,2.4830470388630967,314.5959747248263,m30
GBPUSD,2015-03-11 16:00:00,2015-03-11 16:00:00,2015-03-12 09:30:00,-1,150144.0,150151.0,150773.95635765156,148569.1091058711,150136.0,BE,0.012699292423721873,419.9709051010462,m30
GBPUSD,2015-03-30 16:00:00,2015-03-30 16:00:00,2015-04-03 15:30:00,-1,147845.0,147852.0,148715.933615154,145667.66596211496,148723.933615154,SL,-1.009185545098724,580.6224101026752,m30
GBPUSD,2015-04-10 12:00:00,2015-04-10 12:00:00,2015-04-10 16:00:00,-1,146365.0,146375.0,147190.8943750877,144300.26406228074,146232.0,FRIDAY,0.1610375418598486,550.5962500584709,m30
GBPUSD,2015-08-21 12:00:00,2015-08-21 12:00:00,2015-08-21 15:30:00,1,157175.0,157167.0,156622.22712818702,158556.93217953248,156614.22712818702,SL,-1.0144724902540014,368.51524787532685,m30
GBPUSD,2015-08-24 16:00:00,2015-08-24 16:00:00,2015-08-25 17:30:00,1,157694.0,157687.0,157022.21113337058,159373.47216657357,157014.21113337058,SL,-1.0119085033965078,447.859244419616,m30
GBPUSD,2015-09-03 12:00:00,2015-09-03 12:00:00,2015-09-04 16:00:00,-1,152543.0,152550.0,153140.444793167,151049.38801708247,151994.0,FRIDAY,0.9189133561442426,398.29652877800663,m30
GBPUSD,2015-09-24 16:00:00,2015-09-24 16:00:00,2015-09-24 17:30:00,-1,152172.0,152180.0,152820.35895676626,150551.10260808433,152828.35895676626,SL,-1.0123388439636751,432.2393045108443,m30
GBPUSD,2015-10-13 16:00:00,2015-10-13 16:00:00,2015-10-14 06:00:00,-1,152171.0,152179.0,152851.70905531853,150469.2273617037,152859.70905531853,SL,-1.0117524512675438,453.806036879013,m30
GBPUSD,2015-11-06 12:00:00,2015-11-06 12:00:00,2015-11-06 16:00:00,-1,151548.0,151557.0,152108.91017043783,150145.72457390546,150457.0,FRIDAY,1.9450529826343148,373.9401136252121,m30
GBPUSD,2015-11-17 08:00:00,2015-11-17 08:00:00,2015-11-17 16:30:00,-1,151715.0,151723.0,152179.4977299149,150553.7556752127,152187.4977299149,SL,-1.0172229044078454,309.6651532766116,m30
GBPUSD,2015-11-24 16:00:00,2015-11-24 16:00:00,2015-11-25 21:00:00,-1,150763.0,150771.0,151314.54590000105,149384.1352499974,151322.54590000105,SL,-1.0145046858293938,367.6972666673598,m30
GBPUSD,2015-11-30 12:00:00,2015-11-30 12:00:00,2015-11-30 16:30:00,-1,150082.0,150091.0,150577.92211467514,148842.19471331217,150585.92211467514,SL,-1.0161315653472083,330.6147431167529,m30
GBPUSD,2015-12-16 12:00:00,2015-12-16 12:00:00,2015-12-16 21:30:00,-1,150188.0,150202.0,150849.04676894308,148535.3830776423,150857.04676894308,SL,-1.012102018156435,440.6978459620526,m30
GBPUSD,2015-12-17 08:00:00,2015-12-17 08:00:00,2015-12-18 16:00:00,-1,149505.0,149512.0,150261.77688422456,147613.05778943864,148953.0,FRIDAY,0.7294091713248122,504.5179228163645,m30
GBPUSD,2015-12-22 16:00:00,2015-12-22 16:00:00,2015-12-24 13:00:00,-1,148613.0,148622.0,149177.6836885119,147201.29077872026,149185.6836885119,SL,-1.0141672234611343,376.4557923412612,m30
GBPUSD,2016-01-07 12:00:00,2016-01-07 12:00:00,2016-01-08 03:30:00,-1,145758.0,145764.0,146330.49064981568,144326.7733754608,146338.49064981568,SL,-1.0139740273532325,381.6604332104558,m30
GBPUSD,2016-01-12 12:00:00,2016-01-12 12:00:00,2016-01-15 14:30:00,-1,144870.0,144878.0,145508.80563949374,143272.9859012656,143280.9859012656,TP,2.4874766290317574,425.8704263291671,m30
GBPUSD,2016-01-21 16:00:00,2016-01-21 16:00:00,2016-01-21 18:00:00,-1,141011.0,141019.0,141789.9241368648,139063.68965783797,141797.9241368648,SL,-1.0102705765829727,519.2827579098742,m30
GBPUSD,2016-02-22 16:00:00,2016-02-22 16:00:00,2016-02-26 16:00:00,-1,140702.0,140710.0,141787.09060927195,137989.27347682015,139649.0,FRIDAY,0.9704258713532949,723.3937395146266,m30
GBPUSD,2016-03-16 12:00:00,2016-03-16 12:00:00,2016-03-16 20:00:00,-1,141151.0,141159.0,141824.13624344408,139468.15939138978,141832.13624344408,SL,-1.0118846668529666,448.75749562939416,m30
GBPUSD,2016-03-23 12:00:00,2016-03-23 12:00:00,2016-03-25 16:00:00,-1,141700.0,141709.0,142431.91212303232,139870.21969241917,141388.0,FRIDAY,0.42628068340687825,487.94141535488546,m30
GBPUSD,2016-04-06 12:00:00,2016-04-06 12:00:00,2016-04-08 16:00:00,-1,141097.0,141103.0,141800.406558813,139338.48360296752,140925.0,FRIDAY,0.24452430510493428,468.93770587532816,m30
GBPUSD,2016-06-13 12:00:00,2016-06-13 12:00:00,2016-06-13 16:30:00,-1,141476.0,141486.0,142480.09776197048,138965.7555950738,142488.09776197048,SL,-1.0079673516892413,669.3985079803201,m30
GBPUSD,2016-07-05 12:00:00,2016-07-05 12:00:00,2016-07-06 05:00:00,-1,131261.0,131269.0,132543.2013456971,128055.49663575723,128063.49663575723,TP,2.4937607303043,854.8008971314044,m30
GBPUSD,2016-07-06 08:00:00,2016-07-06 08:00:00,2016-07-07 14:00:00,-1,129082.0,129092.0,130450.9105734365,125659.72356640873,130458.9105734365,SL,-1.0058440632684356,912.6070489576713,m30
GBPUSD,2016-08-09 08:00:00,2016-08-09 08:00:00,2016-08-10 03:00:00,-1,129969.0,129977.0,130650.22439086014,128265.93902284966,130658.22439086014,SL,-1.0117435607229217,454.1495939067575,m30
GBPUSD,2016-08-11 12:00:00,2016-08-11 12:00:00,2016-08-12 15:30:00,-1,129509.0,129517.0,130236.02904453961,127691.42738865096,130244.02904453961,SL,-1.0110036869366885,484.6860296930772,m30
GBPUSD,2016-08-15 16:00:00,2016-08-15 16:00:00,2016-08-16 11:00:00,-1,128752.0,128759.0,129415.06082064332,127094.34794839169,129423.06082064332,SL,-1.0120652581949212,442.0405470955509,m30
GBPUSD,2016-08-29 12:00:00,2016-08-29 12:00:00,2016-09-01 11:30:00,-1,131027.0,131036.0,131647.38296976025,129476.04257559936,131655.38296976025,SL,-1.0128952604922188,413.58864650683597,m30
GBPUSD,2016-09-20 16:00:00,2016-09-20 16:00:00,2016-09-21 21:00:00,-1,129581.0,129589.0,130258.84837293223,127886.3790676694,130266.84837293223,SL,-1.0118020494249877,451.89891528815906,m30
GBPUSD,2016-10-04 12:00:00,2016-10-04 12:00:00,2016-10-07 02:00:00,-1,127686.0,127695.0,128381.88067869577,125946.29830326056,125954.29830326056,TP,2.488503776229293,463.92045246385146,m30
GBPUSD,2016-12-20 16:00:00,2016-12-20 16:00:00,2016-12-23 16:00:00,-1,123399.0,123407.0,124168.36902414008,121475.5774396498,122419.0,FRIDAY,1.2737710633663002,512.9126827600521,m30
GBPUSD,2017-01-09 08:00:00,2017-01-09 08:00:00,2017-01-11 20:00:00,-1,121853.0,121862.0,122587.87285423363,120015.8178644159,122595.87285423363,SL,-1.0108862369237157,489.9152361557583,m30
GBPUSD,2017-03-03 12:00:00,2017-03-03 12:00:00,2017-03-03 16:00:00,-1,122279.0,122286.0,122852.53026673553,120845.17433316117,122365.0,FRIDAY,-0.1499484944177437,382.35351115702144,m30
GBPUSD,2017-03-07 12:00:00,2017-03-07 12:00:00,2017-03-10 16:00:00,-1,122013.0,122016.0,122526.08033500408,120730.29916248981,121816.0,FRIDAY,0.3839554677113778,342.05355666938334,m30
GBPUSD,2017-06-20 16:00:00,2017-06-20 16:00:00,2017-06-23 09:00:00,-1,126503.0,126507.0,127097.13148978761,125017.67127553096,127105.13148978761,SL,-1.0134650328041952,396.08765985841256,m30
GBPUSD,2017-07-13 12:00:00,2017-07-13 12:00:00,2017-07-14 16:00:00,1,129281.0,129274.0,128779.3919364475,130535.02015888125,130099.0,FRIDAY,1.6307552837303798,334.4053757016652,m30
GBPUSD,2017-07-27 08:00:00,2017-07-27 08:00:00,2017-07-27 17:30:00,1,131427.0,131420.0,130890.31416172406,132768.71459568985,130882.31416172406,SL,-1.0149062997930025,357.79055885062553,m30
GBPUSD,2017-08-01 08:00:00,2017-08-01 08:00:00,2017-08-03 14:00:00,1,132183.0,132176.0,131634.40794178986,133554.4801455253,131626.40794178986,SL,-1.014582784931511,365.7280388067505,m30
GBPUSD,2017-09-06 16:00:00,2017-09-06 16:00:00,2017-09-08 13:00:00,1,130496.0,130489.0,130031.16269217346,131658.09326956637,131650.09326956637,TP,2.482789677452078,309.8915385510314,m30
GBPUSD,2017-09-13 08:00:00,2017-09-13 08:00:00,2017-09-13 13:00:00,1,133083.0,133075.0,132544.95025056144,134428.12437359642,132536.95025056144,SL,-1.0148685135683873,358.69983295904586,m30
GBPUSD,2017-10-13 12:00:00,2017-10-13 12:00:00,2017-10-13 16:00:00,1,133053.0,133044.0,132400.6676595422,134683.83085114448,133041.0,FRIDAY,-0.018395531320091738,434.8882269718592,m30
GBPUSD,2017-11-01 12:00:00,2017-11-01 12:00:00,2017-11-01 17:00:00,1,133033.0,133025.0,132506.05062166203,134350.37344584492,132498.05062166203,SL,-1.0151817239546612,351.2995855586438,m30
GBPUSD,2017-11-27 16:00:00,2017-11-27 16:00:00,2017-11-27 17:30:00,1,133777.0,133768.0,133307.356927713,134951.1076807175,133299.356927713,SL,-1.0170342127289007,313.0953815246718,m30
GBPUSD,2017-11-29 12:00:00,2017-11-29 12:00:00,2017-12-01 16:00:00,1,133979.0,133973.0,133291.87870100126,135696.8032474969,134780.0,FRIDAY,1.1657330389367742,458.08086599916857,m30
GBPUSD,2017-12-08 08:00:00,2017-12-08 08:00:00,2017-12-08 14:00:00,1,135126.0,135119.0,134438.1609459243,136845.59763518928,134430.1609459243,SL,-1.0116306277647393,458.5593693838034,m30
GBPUSD,2017-12-14 12:00:00,2017-12-14 12:00:00,2017-12-15 14:00:00,1,134558.0,134552.0,133843.12019422223,136345.19951444442,133835.12019422223,SL,-1.0111906923868155,476.5865371851796,m30
GBPUSD,2017-12-27 12:00:00,2017-12-27 12:00:00,2017-12-29 10:30:00,1,134088.0,134080.0,133700.68586310104,135056.28534224737,135048.28534224737,TP,2.479344931573983,258.209424599302,m30
GBPUSD,2017-12-29 12:00:00,2017-12-29 12:00:00,2017-12-29 16:00:00,1,135030.0,135022.0,134623.43473679837,136046.41315800406,135243.0,FRIDAY,0.5239011280075092,271.04350880108177,m30
GBPUSD,2018-01-02 12:00:00,2018-01-02 12:00:00,2018-01-03 17:00:00,1,135492.0,135485.0,135015.30301794043,136683.74245514895,135007.30301794043,SL,-1.016782149459863,317.79798803972005,m30
GBPUSD,2018-01-15 12:00:00,2018-01-15 12:00:00,2018-01-19 11:30:00,1,137916.0,137909.0,137303.20807292563,139447.9798176859,139439.9798176859,TP,2.4869449977283336,408.5279513829116,m30
GBPUSD,2018-01-24 08:00:00,2018-01-24 08:00:00,2018-01-24 15:30:00,1,140335.0,140327.0,139707.46049133426,141903.84877166434,141895.84877166434,TP,2.487251798668394,418.3596724438269,m30
GBPUSD,2018-01-25 08:00:00,2018-01-25 08:00:00,2018-01-25 21:00:00,1,142988.0,142980.0,142192.50126783596,144976.74683041006,142184.50126783596,SL,-1.0100565842238993,530.3324881093492,m30
GBPUSD,2018-02-01 12:00:00,2018-02-01 12:00:00,2018-02-02 15:30:00,1,142490.0,142483.0,141546.59245508752,144848.51886228117,141538.59245508752,SL,-1.0084798982615195,628.938363274981,m30
GBPUSD,2018-02-15 12:00:00,2018-02-15 12:00:00,2018-02-16 16:00:00,1,140608.0,140600.0,139758.0565234437,142732.85869139075,140252.0,FRIDAY,-0.4188513822617927,566.6289843708669,m30
GBPUSD,2018-02-26 08:00:00,2018-02-26 08:00:00,2018-02-26 17:00:00,1,140189.0,140182.0,139495.68746965914,141922.28132585218,139487.68746965914,SL,-1.0115388077524807,462.20835356058024,m30
GBPUSD,2018-04-09 12:00:00,2018-04-09 12:00:00,2018-04-12 17:30:00,1,141114.0,141106.0,140608.06295181674,142378.8426204582,142370.8426204582,TP,2.4841877561077665,337.29136545551535,m30
GBPUSD,2018-04-16 16:00:00,2018-04-16 16:00:00,2018-04-18 11:30:00,1,143127.0,143119.0,142586.48878506097,144478.2780373476,142578.48878506097,SL,-1.0148008029785167,360.34080995936125,m30
GBPUSD,2018-06-19 16:00:00,2018-06-19 16:00:00,2018-06-21 14:30:00,-1,131694.0,131703.0,132269.9334206322,130254.16644841946,132277.9334206322,SL,-1.0138904944797495,383.9556137548094,m30
GBPUSD,2018-06-27 16:00:00,2018-06-27 16:00:00,2018-06-29 11:30:00,-1,131521.0,131530.0,132077.1317291758,130130.67067706048,131513.0,BE,0.014385081052390319,370.7544861172062,m30
GBPUSD,2018-07-13 12:00:00,2018-07-13 12:00:00,2018-07-13 16:00:00,-1,131277.0,131285.0,131845.92455828257,129854.68860429357,131555.0,FRIDAY,-0.4886412371425943,379.28303885504806,m30
GBPUSD,2018-07-19 16:00:00,2018-07-19 16:00:00,2018-07-19 20:00:00,-1,129619.0,129627.0,130276.90424226958,127974.23939432607,130284.90424226958,SL,-1.0121598243118293,438.60282817971546,m30
GBPUSD,2018-08-02 12:00:00,2018-08-02 12:00:00,2018-08-02 14:00:00,-1,130810.0,130818.0,131244.2158947229,129724.46026319273,131252.2158947229,SL,-1.0184240146370027,289.4772631486063,m30
GBPUSD,2018-08-03 12:00:00,2018-08-03 12:00:00,2018-08-03 14:30:00,-1,129927.0,129935.0,130414.95391324135,128707.11521689664,130422.95391324135,SL,-1.016394990967201,325.30260882756403,m30
GBPUSD,2018-08-06 12:00:00,2018-08-06 12:00:00,2018-08-09 10:30:00,-1,129619.0,129628.0,130095.1417411403,128428.64564714926,128436.64564714926,TP,2.483198280451446,317.4278274268648,m30
GBPUSD,2018-08-15 08:00:00,2018-08-15 08:00:00,2018-08-17 16:00:00,-1,127016.0,127024.0,127572.43061845697,125624.92345385758,127273.0,FRIDAY,-0.4618724985204527,370.95374563797793,m30
GBPUSD,2018-09-04 12:00:00,2018-09-04 12:00:00,2018-09-05 16:00:00,-1,128298.0,128305.0,128790.80896905014,127065.97757737465,128798.80896905014,SL,-1.0162334707816272,328.5393127000915,m30
GBPUSD,2018-10-24 12:00:00,2018-10-24 12:00:00,2018-10-26 13:00:00,-1,129324.0,129332.0,129874.1397765973,127948.65055850675,127956.65055850675,TP,2.485458241086512,366.7598510648662,m30
GBPUSD,2018-10-30 12:00:00,2018-10-30 12:00:00,2018-10-31 17:00:00,-1,127634.0,127643.0,128098.43119221718,126472.92201945708,128106.43119221718,SL,-1.0172253718830013,309.6207948114467,m30
GBPUSD,2018-11-15 16:00:00,2018-11-15 16:00:00,2018-11-16 16:00:00,-1,127743.0,127750.0,128938.50318103794,124754.24204740516,128652.0,FRIDAY,-0.7603492942702208,797.0021206919586,m30
GBPUSD,2019-04-03 12:00:00,2019-04-03 12:00:00,2019-04-04 17:30:00,1,131728.0,131718.0,130937.75215356708,133703.6196160823,130929.75215356708,SL,-1.0101234062656523,526.8318976219471,m30
GBPUSD,2019-05-16 16:00:00,2019-05-16 16:00:00,2019-05-17 16:00:00,-1,127947.0,127954.0,128394.21746239142,126828.95634402144,127521.0,FRIDAY,0.9525567220073038,298.1449749276164,m30
GBPUSD,2019-05-21 12:00:00,2019-05-21 12:00:00,2019-05-21 15:00:00,-1,126936.0,126943.0,127304.11055314694,126015.72361713265,127312.11055314694,SL,-1.0217326016100532,245.4070354312919,m30
GBPUSD,2019-05-22 12:00:00,2019-05-22 12:00:00,2019-05-24 12:00:00,-1,126613.0,126622.0,127086.54011056254,125429.14972359365,127094.54011056254,SL,-1.0168940282386902,315.6934070416927,m30
GBPUSD,2019-05-29 12:00:00,2019-05-29 12:00:00,2019-05-31 16:00:00,-1,126412.0,126420.0,126804.95615877028,125429.6096030743,125822.0,FRIDAY,1.5014397581815648,261.97077251351743,m30
GBPUSD,2019-06-14 12:00:00,2019-06-14 12:00:00,2019-06-14 16:00:00,-1,126602.0,126611.0,126978.8152974207,125659.96175644823,126202.0,FRIDAY,1.0615280290847826,251.2101982804718,m30
GBPUSD,2019-07-02 12:00:00,2019-07-02 12:00:00,2019-07-05 16:00:00,-1,126161.0,126171.0,126585.76074113084,125099.09814717287,125237.0,FRIDAY,2.175342282198723,283.1738274205654,m30
GBPUSD,2019-07-09 16:00:00,2019-07-09 16:00:00,2019-07-10 12:00:00,-1,124492.0,124501.0,124863.45207867886,123563.36980330286,124871.45207867886,SL,-1.0215370984824201,247.63471911923816,m30
GBPUSD,2019-07-29 08:00:00,2019-07-29 08:00:00,2019-07-29 15:30:00,-1,123650.0,123658.0,124067.37776236239,122606.55559409402,122614.55559409402,TP,2.4808327114633215,278.25184157492487,m30
GBPUSD,2019-08-01 16:00:00,2019-08-01 16:00:00,2019-08-01 20:30:00,-1,120931.0,120938.0,121562.28598722139,119352.7850319465,121570.28598722139,SL,-1.0126725448717868,420.8573248142634,m30
GBPUSD,2019-09-02 16:00:00,2019-09-02 16:00:00,2019-09-04 09:30:00,-1,120700.0,120708.0,121255.55174640077,119311.12063399807,121263.55174640077,SL,-1.0144000987339727,370.3678309338464,m30
GBPUSD,2019-10-08 16:00:00,2019-10-08 16:00:00,2019-10-09 11:00:00,-1,122086.0,122094.0,122651.33197665027,120672.67005837432,122659.33197665027,SL,-1.014150977355645,376.88798443351214,m30
GBPUSD,2019-11-18 08:00:00,2019-11-18 08:00:00,2019-11-20 10:30:00,1,129249.0,129242.0,128902.2690876922,130115.8272807695,128894.2690876922,SL,-1.0230726471624798,231.15394153853242,m30
GBPUSD,2019-12-03 12:00:00,2019-12-03 12:00:00,2019-12-04 14:00:00,1,129881.0,129873.0,129488.65725614951,130861.8568596262,130853.8568596262,TP,2.479609664953943,261.5618292336548,m30
GBPUSD,2019-12-05 12:00:00,2019-12-05 12:00:00,2019-12-06 16:00:00,1,131335.0,131326.0,130892.76704938643,132440.58237653392,131308.0,FRIDAY,-0.061053795205760195,294.8219670757137,m30
GBPUSD,2019-12-30 08:00:00,2019-12-30 08:00:00,2019-12-31 18:30:00,1,131191.0,131186.0,130647.56460900012,132549.58847749967,132541.58847749967,TP,2.48527883878654,362.2902606665801,m30
GBPUSD,2020-01-31 12:00:00,2020-01-31 12:00:00,2020-01-31 16:00:00,1,131184.0,131176.0,130732.81114133337,132311.97214666658,131438.0,FRIDAY,0.5629571633276403,300.79257244441806,m30
GBPUSD,2020-04-21 08:00:00,2020-04-21 08:00:00,2020-04-23 17:00:00,-1,124013.0,124021.0,124770.6554832728,122118.861291818,124005.0,BE,0.010558888804503676,505.10365551520056,m30
GBPUSD,2020-05-14 08:00:00,2020-05-14 08:00:00,2020-05-15 16:00:00,-1,122071.0,122077.0,122793.93650035364,120263.65874911589,121818.0,FRIDAY,0.3499615801335781,481.95766690242874,m30
GBPUSD,2020-05-22 12:00:00,2020-05-22 12:00:00,2020-05-22 16:00:00,-1,121761.0,121769.0,122334.96242444054,120326.09393889864,121709.0,FRIDAY,0.0905982652970457,382.6416162936963,m30
GBPUSD,2020-08-18 12:00:00,2020-08-18 12:00:00,2020-08-19 17:30:00,1,131695.0,131687.0,131177.3444056769,132989.13898580775,131703.0,BE,0.01545429062823325,345.1037295487335,m30
GBPUSD,2020-09-01 08:00:00,2020-09-01 08:00:00,2020-09-02 10:00:00,1,134053.0,134045.0,133389.66820839274,135711.32947901817,133381.66820839274,SL,-1.012060329538262,442.2211944048442,m30
GBPUSD,2020-10-21 12:00:00,2020-10-21 12:00:00,2020-10-23 16:00:00,1,130401.0,130393.0,129683.51440290884,132194.7139927279,130900.0,FRIDAY,0.6954843442475463,478.3237313941022,m30
GBPUSD,2020-11-10 12:00:00,2020-11-10 12:00:00,2020-11-12 11:00:00,1,132492.0,132481.0,131637.3012297768,134628.74692555802,131629.3012297768,SL,-1.009360022827599,569.799180148803,m30
GBPUSD,2020-11-17 16:00:00,2020-11-17 16:00:00,2020-11-19 16:00:00,1,132647.0,132637.0,132005.33485212442,134251.16286968897,131997.33485212442,SL,-1.0124675619775787,427.7767652503934,m30
GBPUSD,2020-11-23 12:00:00,2020-11-23 12:00:00,2020-11-23 17:30:00,1,133659.0,133650.0,133086.2517051829,135090.8707370428,133078.2517051829,SL,-1.0139677412789947,381.8321965447455,m30
GBPUSD,2020-12-03 16:00:00,2020-12-03 16:00:00,2020-12-04 16:00:00,1,134649.0,134641.0,133972.7436417124,136339.64089571897,135015.0,FRIDAY,0.5412148743810409,450.8375721917289,m30
GBPUSD,2020-12-16 12:00:00,2020-12-16 12:00:00,2020-12-18 16:00:00,1,135173.0,135166.0,134269.49030110124,137431.77424724694,135135.0,FRIDAY,-0.04205820927690723,602.3397992658481,m30
GBPUSD,2020-12-24 12:00:00,2020-12-24 12:00:00,2020-12-28 12:30:00,1,135984.0,135982.0,135001.3032194814,138440.7419512965,134993.3032194814,SL,-1.0081408631417026,655.131187012404,m30
GBPUSD,2020-12-31 12:00:00,2020-12-31 12:00:00,2021-01-04 17:00:00,1,136597.0,136588.0,135876.35176439988,138398.62058900032,135868.35176439988,SL,-1.0111011164737425,480.43215706675164,m30
GBPUSD,2021-01-21 12:00:00,2021-01-21 12:00:00,2021-01-22 09:00:00,1,137340.0,137333.0,136802.00061547497,138684.9984613126,136794.00061547497,SL,-1.0148699054870671,358.66625635002714,m30
GBPUSD,2021-02-09 08:00:00,2021-02-09 08:00:00,2021-02-12 16:00:00,1,137840.0,137834.0,137323.681926302,139130.79518424498,137990.0,FRIDAY,0.2905185923972512,344.2120491319928,m30
GBPUSD,2021-02-15 08:00:00,2021-02-15 08:00:00,2021-02-17 13:30:00,1,139005.0,138997.0,138558.1060970334,140122.2347574165,138550.1060970334,SL,-1.0179013406692246,297.9292686444017,m30
GBPUSD,2021-02-18 16:00:00,2021-02-18 16:00:00,2021-02-19 16:00:00,1,139788.0,139776.0,139233.3835665098,141174.54108372555,140288.0,FRIDAY,0.9015239538675173,369.74428899347697,m30
GBPUSD,2021-02-23 12:00:00,2021-02-23 12:00:00,2021-02-24 03:00:00,1,140904.0,140896.0,140384.2328297011,142203.41792574726,142195.41792574726,TP,2.484608493077026,346.51144686593256,m30
GBPUSD,2021-03-11 08:00:00,2021-03-11 08:00:00,2021-03-12 16:00:00,1,139398.0,139389.0,138762.9863863063,140985.53403423424,138845.0,FRIDAY,-0.8708474717311249,423.3424091291304,m30
GBPUSD,2021-04-20 08:00:00,2021-04-20 08:00:00,2021-04-20 17:30:00,1,140034.0,140026.0,139482.31894814133,141413.20262964666,139474.31894814133,SL,-1.014501132444277,367.78736790578074,m30
GBPUSD,2021-05-10 12:00:00,2021-05-10 12:00:00,2021-05-13 11:30:00,1,140903.0,140899.0,140294.76362722018,142423.59093194953,140286.76362722018,SL,-1.0131527813166594,405.49091518654063,m30
GBPUSD,2021-05-18 08:00:00,2021-05-18 08:00:00,2021-05-19 21:00:00,1,141718.0,141710.0,141228.28270447985,142942.29323880037,141220.28270447985,SL,-1.0163359556078415,326.4781970134292,m30
GBPUSD,2021-06-01 08:00:00,2021-06-01 08:00:00,2021-06-01 11:00:00,1,142338.0,142332.0,141867.8665445369,143513.33363865773,141859.8665445369,SL,-1.0170164448138046,313.42230364206137,m30
GBPUSD,2021-11-23 12:00:00,2021-11-23 12:00:00,2021-11-26 16:00:00,-1,133783.0,133790.0,134244.26536608735,132629.83658478162,133383.0,FRIDAY,0.8671797828503124,307.51024405823483,m30
USDJPY,2013-11-12 08:00:00,2013-11-12 08:00:00,2013-11-13 17:30:00,1,99642.0,99634.0,99205.61504795346,100732.96238011635,99198.61504795346,SL,-1.0160408830945566,290.9233013643616,m30
USDJPY,2013-11-14 12:00:00,2013-11-14 12:00:00,2013-11-15 16:00:00,1,100037.0,100028.0,99600.70532134164,101127.73669664591,100148.0,FRIDAY,0.2544152047449508,290.8631191055755,m30
USDJPY,2013-11-21 08:00:00,2013-11-21 08:00:00,2013-11-22 16:00:00,1,100722.0,100712.0,100263.51795247087,101868.20511882282,101081.0,FRIDAY,0.7830186632927923,305.6546983527517,m30
USDJPY,2013-11-25 08:00:00,2013-11-25 08:00:00,2013-11-25 21:30:00,1,101880.0,101870.0,101423.71231132314,103020.71922169217,101416.71231132314,SL,-1.0153411984888154,304.19179245124656,m30
USDJPY,2013-11-27 16:00:00,2013-11-27 16:00:00,2013-11-29 16:00:00,1,102137.0,102131.0,101696.60495695926,103237.98760760186,102295.0,FRIDAY,0.3587687974621095,293.5966953604929,m30
USDJPY,2013-12-02 12:00:00,2013-12-02 12:00:00,2013-12-03 14:30:00,1,102786.0,102782.0,102413.0212544974,103718.44686375649,102406.0212544974,SL,-1.0187678254710426,248.65249700172888,m30
USDJPY,2014-04-01 16:00:00,2014-04-01 16:00:00,2014-04-04 16:00:00,1,103471.0,103464.0,103120.62459225727,104346.93851935683,103651.0,FRIDAY,0.5137346857749976,233.58360516182253,m30
USDJPY,2014-07-30 12:00:00,2014-07-30 12:00:00,2014-07-30 15:00:00,1,102232.0,102225.0,102055.80795130164,102672.4801217459,102665.4801217459,TP,2.4602706248567423,117.46136579890637,m30
USDJPY,2014-08-13 12:00:00,2014-08-13 12:00:00,2014-08-15 16:00:00,1,102457.0,102451.0,102211.74333733578,103070.14165666053,102623.0,FRIDAY,0.6768419589370076,163.50444177614318,m30
USDJPY,2014-08-19 16:00:00,2014-08-19 16:00:00,2014-08-20 12:00:00,1,102803.0,102795.0,102586.93925596263,103343.15186009344,103336.15186009344,TP,2.46760170371907,144.04049602491654,m30
USDJPY,2014-09-01 12:00:00,2014-09-01 12:00:00,2014-09-02 08:30:00,1,104271.0,104266.0,104028.65079042154,104876.87302394616,104869.87302394616,TP,2.4711160601176645,161.56613971897445,m30
USDJPY,2014-09-02 12:00:00,2014-09-02 12:00:00,2014-09-05 01:30:00,1,104925.0,104918.0,104673.10920487846,105554.72698780384,105547.72698780384,TP,2.472210179428671,167.9271967476885,m30
USDJPY,2014-09-09 08:00:00,2014-09-09 08:00:00,2014-09-12 03:30:00,1,106247.0,106241.0,105838.9438102235,107267.14047444126,107260.14047444126,TP,2.4828454997733798,272.0374598510006,m30
USDJPY,2014-09-18 08:00:00,2014-09-18 08:00:00,2014-09-19 16:00:00,1,108826.0,108818.0,108362.48871650988,109984.77820872531,108853.0,FRIDAY,0.0582510091161031,309.0075223267509,m30
USDJPY,2014-09-29 08:00:00,2014-09-29 08:00:00,2014-09-29 14:30:00,1,109670.0,109664.0,109218.04052655754,110799.89868360615,109211.04052655754,SL,-1.0154881143361898,301.3063156283066,m30
USDJPY,2014-10-23 12:00:00,2014-10-23 12:00:00,2014-10-24 16:00:00,1,107540.0,107532.0,107046.88733405997,108772.78166485009,107933.0,FRIDAY,0.7969781089496281,328.7417772933577,m30
USDJPY,2014-10-30 08:00:00,2014-10-30 08:00:00,2014-10-31 05:30:00,1,109136.0,109132.0,108699.47574339074,110227.31064152317,110220.31064152317,TP,2.4839642359066745,291.0161710728466,m30
USDJPY,2014-10-31 12:00:00,2014-10-31 12:00:00,2014-10-31 16:00:00,1,111752.0,111745.0,111050.15099216075,113506.62251959814,112272.0,FRIDAY,0.7409000998674881,467.89933855950204,m30
USDJPY,2014-11-03 12:00:00,2014-11-03 12:00:00,2014-11-06 04:00:00,1,113286.0,113276.0,112531.87533040819,115171.31167397951,115164.31167397951,TP,2.490717715144121,502.7497797278679,m30
USDJPY,2014-11-11 12:00:00,2014-11-11 12:00:00,2014-11-11 20:00:00,1,115990.0,115979.0,115237.39723536605,117871.50691158486,115230.39723536605,SL,-1.009301055389305,501.73517642263033,m30
USDJPY,2014-11-14 12:00:00,2014-11-14 12:00:00,2014-11-14 16:00:00,1,116353.0,116343.0,115699.32739520434,117987.18151198917,116619.0,FRIDAY,0.4069315404202227,435.7817365304443,m30
USDJPY,2014-11-19 08:00:00,2014-11-19 08:00:00,2014-11-20 08:00:00,1,117285.0,117278.0,116643.59390419943,118888.51523950144,118881.51523950144,TP,2.489086477278852,427.6040638670526,m30
USDJPY,2014-12-04 08:00:00,2014-12-04 08:00:00,2014-12-04 18:00:00,1,119901.0,119896.0,119453.47940417152,121019.80148957121,119446.47940417152,SL,-1.0156417382020986,298.34706388565496,m30
USDJPY,2014-12-05 12:00:00,2014-12-05 12:00:00,2014-12-05 16:00:00,1,120343.0,120336.0,119867.29714213661,121532.25714465846,121170.0,FRIDAY,1.7384802010954024,317.13523857559187,m30
USDJPY,2014-12-18 16:00:00,2014-12-18 16:00:00,2014-12-19 16:00:00,1,119242.0,119234.0,118024.84314496572,122284.8921375857,119072.0,FRIDAY,-0.1396697552142629,811.4379033561869,m30
USDJPY,2014-12-22 12:00:00,2014-12-22 12:00:00,2014-12-26 16:00:00,1,119829.0,119823.0,118943.51003603377,122042.72490991557,120377.0,FRIDAY,0.6188664155440371,590.326642644154,m30
USDJPY,2015-01-20 08:00:00,2015-01-20 08:00:00,2015-01-21 08:30:00,1,118294.0,118292.0,117480.01832486929,120328.95418782676,117473.01832486929,SL,-1.0085997021970756,542.6544500871381,m30
USDJPY,2015-02-10 16:00:00,2015-02-10 16:00:00,2015-02-12 10:00:00,1,119489.0,119483.0,118901.97742448031,120956.55643879923,119496.0,BE,0.011924583980101437,391.3483836797944,m30
USDJPY,2015-02-24 12:00:00,2015-02-24 12:00:00,2015-02-24 18:00:00,1,119520.0,119506.0,119044.31098567927,120709.2225358018,119037.31098567927,SL,-1.0147154964467757,317.1260095471471,m30
USDJPY,2015-03-10 08:00:00,2015-03-10 08:00:00,2015-03-10 14:00:00,1,121798.0,121787.0,121273.00590881429,123110.48522796427,121266.00590881429,SL,-1.013333483400158,349.99606079047095,m30
USDJPY,2015-04-07 12:00:00,2015-04-07 12:00:00,2015-04-10 16:00:00,1,119956.0,119949.0,119500.14155113454,121095.64612216364,120237.0,FRIDAY,0.6164194185702917,303.9056325769713,m30
USDJPY,2015-04-13 12:00:00,2015-04-13 12:00:00,2015-04-13 15:30:00,1,120792.0,120781.0,120329.81451394783,121947.46371513043,120322.81451394783,SL,-1.015145434487331,308.1236573681149,m30
USDJPY,2015-05-20 08:00:00,2015-05-20 08:00:00,2015-05-22 16:00:00,1,120967.0,120961.0,120575.65727524295,121945.3568118926,121467.0,FRIDAY,1.2776524728047862,260.8951498380293,m30
USDJPY,2015-05-26 08:00:00,2015-05-26 08:00:00,2015-05-26 10:00:00,1,121853.0,121846.0,121497.90249851128,122740.74375372179,122733.74375372179,TP,2.4802871043286565,236.73166765914502,m30
USDJPY,2015-06-17 12:00:00,2015-06-17 12:00:00,2015-06-17 21:30:00,1,123865.0,123856.0,123422.98368641439,124970.04078396404,123415.98368641439,SL,-1.0158365195691865,294.67754239040966,m30
USDJPY,2015-06-23 16:00:00,2015-06-23 16:00:00,2015-06-25 06:00:00,1,124088.0,124082.0,123599.46350815591,125309.34122961023,123592.46350815591,SL,-1.0143285099820776,325.6909945627285,m30
USDJPY,2015-07-02 12:00:00,2015-07-02 12:00:00,2015-07-02 15:30:00,1,123514.0,123504.0,123001.01928241066,124796.45179397333,122994.01928241066,SL,-1.0136457370813012,341.98714505955684,m30
USDJPY,2015-07-15 16:00:00,2015-07-15 16:00:00,2015-07-17 16:00:00,1,123754.0,123745.0,123244.39877289896,125028.0030677526,124072.0,FRIDAY,0.6240173356901094,339.73415140069187,m30
USDJPY,2015-07-20 12:00:00,2015-07-20 12:00:00,2015-07-21 17:30:00,1,124272.0,124264.0,123939.54295780159,125103.14260549603,123932.54295780159,SL,-1.0210553518545058,221.638028132276,m30
USDJPY,2015-07-30 12:00:00,2015-07-30 12:00:00,2015-07-31 15:30:00,1,124191.0,124186.0,123808.45271570401,125147.36821073997,123801.45271570401,SL,-1.018298391564541,255.03152286399097,m30
USDJPY,2015-11-05 12:00:00,2015-11-05 12:00:00,2015-11-06 15:30:00,1,121899.0,121893.0,121456.03603408072,123006.40991479818,122999.40991479818,TP,2.4841973601950382,295.30931061284684,m30
USDJPY,2015-11-09 12:00:00,2015-11-09 12:00:00,2015-11-09 18:00:00,1,123548.0,123538.0,123061.12714902258,124765.18212744355,123054.12714902258,SL,-1.014377470392838,324.58190065161216,m30
USDJPY,2015-11-17 08:00:00,2015-11-17 08:00:00,2015-11-19 13:30:00,1,123397.0,123388.0,123008.79570068997,124367.51074827509,123001.79570068997,SL,-1.0180317425964551,258.80286620669153,m30
USDJPY,2015-12-02 16:00:00,2015-12-02 16:00:00,2015-12-03 15:30:00,1,123365.0,123358.0,123034.47772585304,124191.30568536739,123027.47772585304,SL,-1.0211786029188903,220.34818276463696,m30
USDJPY,2016-02-09 08:00:00,2016-02-09 08:00:00,2016-02-11 08:00:00,-1,114824.0,114832.0,115823.50295462468,112325.2426134383,112332.2426134383,TP,2.4929965189521295,666.3353030831216,m30
USDJPY,2016-03-17 08:00:00,2016-03-17 08:00:00,2016-03-18 16:00:00,-1,112172.0,112177.0,112907.86455564812,110332.33861087971,111484.0,FRIDAY,0.934954666207617,490.5763704320768,m30
USDJPY,2016-03-30 12:00:00,2016-03-30 12:00:00,2016-04-01 16:00:00,-1,112214.0,112221.0,112736.53385917081,110907.66535207299,112056.0,FRIDAY,0.30237275006585296,348.35590611387124,m30
USDJPY,2016-04-05 08:00:00,2016-04-05 08:00:00,2016-04-06 21:00:00,-1,110861.0,110868.0,111399.0416107222,109515.8959731945,109522.8959731945,TP,2.486989853831931,358.69440714813123,m30
USDJPY,2016-04-07 08:00:00,2016-04-07 08:00:00,2016-04-08 16:00:00,-1,109086.0,109093.0,109747.87715491913,107431.30711270217,108706.0,FRIDAY,0.5741246652430948,441.2514366127562,m30
USDJPY,2016-04-28 12:00:00,2016-04-28 12:00:00,2016-04-29 16:00:00,-1,108114.0,108121.0,109034.84837618606,105811.87905953487,107233.0,FRIDAY,0.9567264522406016,613.8989174573677,m30
USDJPY,2016-05-03 08:00:00,2016-05-03 08:00:00,2016-05-04 00:00:00,-1,105985.0,105992.0,106715.69256864725,104158.26857838187,106722.69256864725,SL,-1.0095799523634956,487.12837909816824,m30
USDJPY,2016-06-13 08:00:00,2016-06-13 08:00:00,2016-06-16 07:30:00,-1,105919.0,105926.0,106581.93047349463,104261.67381626341,104268.67381626341,TP,2.489440823314242,441.95364899642374,m30
USDJPY,2016-06-16 12:00:00,2016-06-16 12:00:00,2016-06-17 16:00:00,-1,104130.0,104139.0,104887.05073514735,102237.37316213161,104327.0,FRIDAY,-0.2602203403998486,504.7004900982357,m30
USDJPY,2016-07-05 08:00:00,2016-07-05 08:00:00,2016-07-06 05:00:00,-1,102012.0,102020.0,102541.00831396985,100689.47921507536,100696.47921507536,TP,2.4867676937863754,352.672209313237,m30
USDJPY,2016-07-06 08:00:00,2016-07-06 08:00:00,2016-07-08 16:00:00,-1,100955.0,100963.0,101536.8397261723,99500.40068456923,100764.0,FRIDAY,0.3282690944059689,387.8931507815377,m30
USDJPY,2016-08-02 12:00:00,2016-08-02 12:00:00,2016-08-05 16:00:00,-1,101719.0,101727.0,102708.44678398981,99245.38304002548,101562.0,FRIDAY,0.1586745265540398,659.6311893265383,m30
USDJPY,2016-08-16 08:00:00,2016-08-16 08:00:00,2016-08-17 08:00:00,-1,100513.0,100520.0,101074.79965991664,99108.5008502084,101081.79965991664,SL,-1.0124599577027742,374.5331066110947,m30
USDJPY,2016-12-12 12:00:00,2016-12-12 12:00:00,2016-12-12 19:00:00,1,115838.0,115831.0,115111.96509324551,117653.08726688623,115104.96509324551,SL,-1.0096414097102961,484.0232711696612,m30
USDJPY,2016-12-15 12:00:00,2016-12-15 12:00:00,2016-12-16 16:00:00,1,117895.0,117887.0,117049.15617856086,120009.60955359782,118109.0,FRIDAY,0.25300178895425113,563.8958809594199,m30
USDJPY,2016-12-28 16:00:00,2016-12-28 16:00:00,2016-12-28 20:30:00,1,117792.0,117784.0,117410.34581955042,118746.13545112396,117403.34581955042,SL,-1.0183412113860473,254.43612029972311,m30
USDJPY,2017-01-27 08:00:00,2017-01-27 08:00:00,2017-01-27 16:00:00,1,115041.0,115033.0,114241.134078692,117040.66480326999,115167.0,FRIDAY,0.15752640116728103,533.2439475386631,m30
USDJPY,2017-03-09 12:00:00,2017-03-09 12:00:00,2017-03-10 16:00:00,1,114839.0,114831.0,114321.88254689238,116131.79363276907,115234.0,FRIDAY,0.7638496779140581,344.74496873841895,m30
USDJPY,2017-05-02 12:00:00,2017-05-02 12:00:00,2017-05-05 07:00:00,1,112175.0,112167.0,111708.84521858023,113340.38695354942,112182.0,BE,0.015016471521926875,310.7698542798456,m30
USDJPY,2017-05-09 12:00:00,2017-05-09 12:00:00,2017-05-12 16:00:00,1,113645.0,113639.0,113185.23558549395,114794.41103626511,113350.0,FRIDAY,-0.6416329552537026,306.50960967069466,m30
USDJPY,2017-06-29 12:00:00,2017-06-29 12:00:00,2017-06-29 19:30:00,1,112561.0,112553.0,112103.08692743526,113705.78268141185,112096.08692743526,SL,-1.015286744186616,305.2753817098244,m30
USDJPY,2017-07-03 16:00:00,2017-07-03 16:00:00,2017-07-07 16:00:00,1,112989.0,112982.0,112458.98590016834,114314.03524957916,113911.0,FRIDAY,1.739576362766266,353.34273322110835,m30
USDJPY,2017-07-11 08:00:00,2017-07-11 08:00:00,2017-07-11 19:30:00,1,114350.0,114343.0,113912.92315634065,115442.69210914838,113905.92315634065,SL,-1.0160154904144292,291.38456243956966,m30
USDJPY,2017-08-18 08:00:00,2017-08-18 08:00:00,2017-08-18 16:00:00,-1,109283.0,109289.0,109802.96055866282,107983.09860334297,108865.0,FRIDAY,0.8039071291772063,346.6403724418767,m30
USDJPY,2017-09-04 12:00:00,2017-09-04 12:00:00,2017-09-07 18:00:00,-1,109481.0,109489.0,110026.38501938643,108117.5374515339,108124.5374515339,TP,2.4871650306642583,363.5900129242911,m30
USDJPY,2017-09-08 12:00:00,2017-09-08 12:00:00,2017-09-08 16:00:00,-1,107684.0,107692.0,108253.53778936341,106260.15552659145,107704.0,FRIDAY,-0.03511619487506592,379.69185957561143,m30
USDJPY,2017-10-18 12:00:00,2017-10-18 12:00:00,2017-10-20 16:00:00,1,112659.0,112654.0,112287.4858823258,113587.7852941855,113282.0,FRIDAY,1.6769214690956677,247.67607844946656,m30
USDJPY,2017-10-25 12:00:00,2017-10-25 12:00:00,2017-10-25 17:00:00,1,114129.0,114123.0,113671.64324975527,115272.39187561182,113664.64324975527,SL,-1.0153053387672732,304.90450016315407,m30
USDJPY,2017-12-08 08:00:00,2017-12-08 08:00:00,2017-12-08 16:00:00,1,113395.0,113389.0,112975.55486373791,114443.61284065523,113329.0,FRIDAY,-0.15735073384844178,279.6300908413954,m30
USDJPY,2017-12-20 12:00:00,2017-12-20 12:00:00,2017-12-22 16:00:00,1,113158.0,113151.0,112808.89967611879,114030.75080970302,113377.0,FRIDAY,0.6273268313395266,232.73354925413796,m30
USDJPY,2018-02-13 12:00:00,2018-02-13 12:00:00,2018-02-16 01:30:00,-1,107646.0,107653.0,108294.51313373372,106024.71716566569,106031.71716566569,TP,2.4892060782798704,432.3420891558163,m30
USDJPY,2018-02-16 08:00:00,2018-02-16 08:00:00,2018-02-16 16:00:00,-1,105786.0,105793.0,106506.47730600339,103984.80673499152,106157.0,FRIDAY,-0.5149364135533983,480.3182040022602,m30
USDJPY,2018-03-02 08:00:00,2018-03-02 08:00:00,2018-03-02 16:00:00,-1,105785.0,105792.0,106302.4806648447,104491.29833788823,105428.0,FRIDAY,0.6898808482190065,344.9871098964695,m30
USDJPY,2018-03-16 12:00:00,2018-03-16 12:00:00,2018-03-16 16:00:00,-1,105706.0,105712.0,106223.38951060061,104412.52622349848,106058.0,FRIDAY,-0.680338493123653,344.92634040040343,m30
USDJPY,2018-03-22 16:00:00,2018-03-22 16:00:00,2018-03-23 16:00:00,-1,105432.0,105440.0,105946.7404742507,104145.14881437324,105152.0,FRIDAY,0.5439634417860577,343.1603161671353,m30
USDJPY,2018-07-10 08:00:00,2018-07-10 08:00:00,2018-07-11 00:00:00,1,111166.0,111159.0,110854.62747526926,111944.43131182686,110847.62747526926,SL,-1.0224811100659956,207.5816831538306,m30
USDJPY,2018-07-12 08:00:00,2018-07-12 08:00:00,2018-07-13 16:00:00,1,112200.0,112193.0,111781.94274611701,113245.14313470745,112502.0,FRIDAY,0.7223890919125899,278.70483592198946,m30
USDJPY,2018-07-31 12:00:00,2018-07-31 12:00:00,2018-08-03 16:00:00,1,111542.0,111535.0,111137.95589711772,112552.11025720571,111443.0,FRIDAY,-0.24502275690642153,269.3627352548586,m30
USDJPY,2018-09-21 08:00:00,2018-09-21 08:00:00,2018-09-21 16:00:00,1,112735.0,112726.0,112401.34209065168,113569.14477337079,112710.0,FRIDAY,-0.07492704143842639,222.43860623221076,m30
USDJPY,2018-09-28 08:00:00,2018-09-28 08:00:00,2018-09-28 16:00:00,1,113531.0,113524.0,113206.3999525621,114342.50011859473,113372.0,FRIDAY,-0.4898335698192482,216.4000316252614,m30
USDJPY,2018-10-01 08:00:00,2018-10-01 08:00:00,2018-10-02 12:00:00,1,113933.0,113926.0,113601.21428752401,114762.46428118998,113594.21428752401,SL,-1.0210979549051649,221.1904749839959,m30
USDJPY,2018-10-22 12:00:00,2018-10-22 12:00:00,2018-10-23 09:00:00,1,112769.0,112761.0,112414.40876720719,113655.47808198202,112407.40876720719,SL,-1.0197410408172474,236.39415519520546,m30
USDJPY,2018-10-30 08:00:00,2018-10-30 08:00:00,2018-11-02 16:00:00,1,112685.0,112676.0,112220.04233391306,113847.39416521734,112923.0,FRIDAY,0.5118745583936659,309.97177739129074,m30
USDJPY,2018-11-28 08:00:00,2018-11-28 08:00:00,2018-11-28 19:00:00,1,113887.0,113880.0,113612.35169395011,114573.62076512474,113605.35169395011,SL,-1.025487140629665,183.0988706999292,m30
USDJPY,2018-12-13 16:00:00,2018-12-13 16:00:00,2018-12-14 16:00:00,1,113531.0,113524.0,113210.22423808966,114332.93940477583,113625.0,FRIDAY,0.29303959700757337,213.85050794021907,m30
USDJPY,2019-01-31 08:00:00,2019-01-31 08:00:00,2019-02-01 16:00:00,-1,108727.0,108733.0,109102.7456664855,107787.63583378628,108984.0,FRIDAY,-0.683973290773597,250.4971109903276,m30
USDJPY,2019-05-28 12:00:00,2019-05-28 12:00:00,2019-05-28 15:00:00,-1,109218.0,109224.0,109514.41503950751,108476.96240123124,109521.41503950751,SL,-1.0236155358771146,197.61002633833752,m30
USDJPY,2019-05-31 08:00:00,2019-05-31 08:00:00,2019-05-31 16:00:00,-1,109004.0,109011.0,109366.50865727205,108097.72835681988,108802.0,FRIDAY,0.5572280715172186,241.67243818136575,m30
USDJPY,2019-06-03 08:00:00,2019-06-03 08:00:00,2019-06-03 18:30:00,-1,108060.0,108066.0,108429.29045289094,107136.77386777264,108436.29045289094,SL,-1.0189552693420671,246.1936352606269,m30
USDJPY,2019-06-21 08:00:00,2019-06-21 08:00:00,2019-06-21 10:30:00,-1,107092.0,107096.0,107489.83692280555,106097.4076929861,107496.83692280555,SL,-1.0175951491647146,265.2246152037052,m30
USDJPY,2019-07-11 08:00:00,2019-07-11 08:00:00,2019-07-11 15:30:00,-1,107943.0,107950.0,108269.52731436738,107126.68171408153,108276.52731436738,SL,-1.0214377165155566,217.68487624492653,m30
USDJPY,2019-07-18 08:00:00,2019-07-18 08:00:00,2019-07-18 16:30:00,-1,107697.0,107704.0,107988.50452930196,106968.23867674511,107995.50452930196,SL,-1.024013349009598,194.3363528679722,m30
USDJPY,2019-08-05 08:00:00,2019-08-05 08:00:00,2019-08-06 07:00:00,-1,106029.0,106036.0,106579.11401522045,104653.71496194886,106586.11401522045,SL,-1.012724634905344,366.74267681363534,m30
USDJPY,2019-08-12 16:00:00,2019-08-12 16:00:00,2019-08-13 16:30:00,-1,105199.0,105208.0,105683.30369429776,103988.24076425558,105690.30369429776,SL,-1.0144537406639997,322.86912953184424,m30
USDJPY,2020-01-13 12:00:00,2020-01-13 12:00:00,2020-01-17 16:00:00,1,109855.0,109847.0,109555.10672710871,110604.73318222823,110178.0,FRIDAY,1.077049834715977,199.92884859419502,m30
USDJPY,2020-02-19 08:00:00,2020-02-19 08:00:00,2020-02-19 15:00:00,1,110056.0,110049.0,109863.79147612727,110536.52130968183,110529.52130968183,TP,2.463581219714099,128.13901591515514,m30
USDJPY,2020-04-14 16:00:00,2020-04-14 16:00:00,2020-04-15 16:00:00,-1,107360.0,107366.0,107767.7759301162,106340.5601747095,107774.7759301162,SL,-1.017166290315388,271.85062007746563,m30
USDJPY,2020-04-27 08:00:00,2020-04-27 08:00:00,2020-04-30 22:00:00,-1,107262.0,107269.0,107640.84557211575,106314.88606971061,107255.0,BE,0.018477185732716322,252.56371474383738,m30
USDJPY,2020-05-06 16:00:00,2020-05-06 16:00:00,2020-05-07 13:30:00,-1,106172.0,106180.0,106561.77813672324,105197.55465819189,106568.77813672324,SL,-1.0179589344308604,259.85209114882844,m30
USDJPY,2020-07-10 08:00:00,2020-07-10 08:00:00,2020-07-10 16:00:00,-1,106936.0,106940.0,107200.96897428064,106273.5775642984,106798.0,FRIDAY,0.5208156931378548,176.64598285376263,m30
USDJPY,2020-07-24 08:00:00,2020-07-24 08:00:00,2020-07-24 16:00:00,-1,106407.0,106413.0,106708.91812287045,105652.20469282387,106132.0,FRIDAY,0.9108429708871668,201.27874858030194,m30
USDJPY,2020-07-27 08:00:00,2020-07-27 08:00:00,2020-07-31 03:00:00,-1,105588.0,105594.0,105987.79034992783,104588.52412518043,104595.52412518043,TP,2.4824908229994316,266.526899951888,m30
USDJPY,2020-07-31 08:00:00,2020-07-31 08:00:00,2020-07-31 12:00:00,-1,104302.0,104309.0,104729.43848664282,103233.40378339296,104736.43848664282,SL,-1.0163766254531281,284.95899109520946,m30
USDJPY,2020-08-17 16:00:00,2020-08-17 16:00:00,2020-08-18 10:00:00,-1,106251.0,106258.0,106585.82407388881,105413.93981527795,105420.93981527795,TP,2.479093498508955,223.21604925921267,m30
USDJPY,2020-08-18 12:00:00,2020-08-18 12:00:00,2020-08-19 21:00:00,-1,105551.0,105558.0,105899.22463178735,104680.43842053162,105906.22463178735,SL,-1.0201019668369473,232.14975452490197,m30
USDJPY,2020-09-16 12:00:00,2020-09-16 12:00:00,2020-09-18 11:30:00,-1,105185.0,105192.0,105454.3004801721,104511.74879956976,104518.74879956976,TP,2.474006730342524,179.53365344806448,m30
USDJPY,2020-09-18 12:00:00,2020-09-18 12:00:00,2020-09-18 16:00:00,-1,104469.0,104473.0,104812.73079337296,103609.6730165676,104395.0,FRIDAY,0.21528475605532071,229.15386224864142,m30
USDJPY,2020-09-21 12:00:00,2020-09-21 12:00:00,2020-09-21 16:00:00,-1,104113.0,104117.0,104461.61695269533,103241.45761826169,104468.61695269533,SL,-1.0200793448106422,232.411301796884,m30
USDJPY,2020-10-12 16:00:00,2020-10-12 16:00:00,2020-10-13 16:30:00,-1,105365.0,105372.0,105616.42205248754,104736.44486878114,105623.42205248754,SL,-1.0278416309577558,167.6147016583614,m30
USDJPY,2020-10-14 16:00:00,2020-10-14 16:00:00,2020-10-15 21:00:00,-1,105223.0,105231.0,105465.24801376057,104617.37996559858,105472.24801376057,SL,-1.0288960057560064,161.4986758403786,m30
USDJPY,2020-10-21 16:00:00,2020-10-21 16:00:00,2020-10-22 18:00:00,-1,104583.0,104590.0,104867.35024106698,103872.12439733255,104874.35024106698,SL,-1.0246175279251757,189.56682737798567,m30
USDJPY,2020-10-28 08:00:00,2020-10-28 08:00:00,2020-10-29 17:00:00,-1,104248.0,104255.0,104510.07269669785,103592.81825825536,104517.07269669785,SL,-1.0267101460327557,174.71513113190449,m30
USDJPY,2020-11-17 12:00:00,2020-11-17 12:00:00,2020-11-20 16:00:00,-1,104286.0,104293.0,104665.09207940576,103338.26980148559,103804.0,FRIDAY,1.2714589045372424,252.72805293717704,m30
USDJPY,2020-11-27 08:00:00,2020-11-27 08:00:00,2020-11-27 16:00:00,-1,103933.0,103940.0,104214.11870825669,103230.20322935829,104163.0,FRIDAY,-0.8181597070728945,187.41247217112343,m30
USDJPY,2020-12-14 12:00:00,2020-12-14 12:00:00,2020-12-14 17:00:00,-1,103747.0,103754.0,104032.75769529068,103032.60576177329,104039.75769529068,SL,-1.0244962781942732,190.5051301937913,m30
USDJPY,2020-12-16 08:00:00,2020-12-16 08:00:00,2020-12-16 21:00:00,-1,103484.0,103491.0,103784.67213829285,102732.31965426788,103791.67213829285,SL,-1.023281172774265,200.44809219523216,m30
USDJPY,2020-12-17 12:00:00,2020-12-17 12:00:00,2020-12-18 05:00:00,-1,103067.0,103073.0,103411.860298246,102204.84925438502,103418.860298246,SL,-1.0202980744249481,229.90686549732848,m30
USDJPY,2020-12-30 08:00:00,2020-12-30 08:00:00,2021-01-05 18:30:00,-1,103325.0,103332.0,103575.77897694465,102698.05255763837,102705.05255763837,TP,2.4720869744135383,167.1859846297698,m30
USDJPY,2021-01-21 08:00:00,2021-01-21 08:00:00,2021-01-21 16:00:00,-1,103362.0,103370.0,103619.4099041943,102718.47523951424,103626.4099041943,SL,-1.0271939808295527,171.60660279620032,m30
USDJPY,2021-03-15 08:00:00,2021-03-15 08:00:00,2021-03-16 15:00:00,1,109290.0,109284.0,108901.84380457981,110260.39048855047,108894.84380457981,SL,-1.0180339772560476,258.7707969467921,m30
USDJPY,2021-03-25 12:00:00,2021-03-25 12:00:00,2021-03-26 15:30:00,1,109059.0,109052.0,108746.06930760354,109841.32673099116,109834.32673099116,TP,2.477630829541237,208.62046159764157,m30
USDJPY,2021-03-30 08:00:00,2021-03-30 08:00:00,2021-03-31 03:30:00,1,109947.0,109940.0,109653.40496650849,110680.98758372878,110673.98758372878,TP,2.4761576348320347,195.73002232767718,m30
USDJPY,2021-03-31 08:00:00,2021-03-31 08:00:00,2021-03-31 11:30:00,1,110870.0,110864.0,110519.62303951902,111745.94240120247,110512.62303951902,SL,-1.0199784825759797,233.58464032065632,m30
USDJPY,2021-05-03 08:00:00,2021-05-03 08:00:00,2021-05-03 16:00:00,1,109589.0,109582.0,109219.86487591293,110511.8378102177,109212.86487591293,SL,-1.0189632455521758,246.09008272471712,m30
USDJPY,2021-05-27 16:00:00,2021-05-27 16:00:00,2021-05-28 14:30:00,1,109362.0,109355.0,109084.79909212491,110055.00226968773,110048.00226968773,TP,2.4747475574533535,184.8006052500591,m30
USDJPY,2021-06-03 16:00:00,2021-06-03 16:00:00,2021-06-04 16:00:00,1,109969.0,109962.0,109674.13575365179,110706.16061587051,109752.0,FRIDAY,-0.7359318828493913,196.57616423213554,m30
USDJPY,2021-06-23 08:00:00,2021-06-23 08:00:00,2021-06-25 16:00:00,1,110801.0,110793.0,110481.97411785499,111598.56470536254,110530.0,FRIDAY,-0.8494608593443655,212.683921430011,m30
USDJPY,2021-07-01 12:00:00,2021-07-01 12:00:00,2021-07-02 16:00:00,1,111410.0,111402.0,111112.50831537531,112153.72921156173,111257.0,FRIDAY,-0.5143000894059274,198.3277897497959,m30
USDJPY,2021-07-23 12:00:00,2021-07-23 12:00:00,2021-07-23 16:00:00,1,110492.0,110484.0,110167.0984169779,111304.25395755527,110476.0,FRIDAY,-0.04924568188056954,216.6010553480695,m30
USDJPY,2021-08-11 12:00:00,2021-08-11 12:00:00,2021-08-11 15:30:00,1,110802.0,110796.0,110564.08581610615,111396.78545973462,110557.08581610615,SL,-1.0294223735863086,158.60945592923045,m30
USDJPY,2021-09-01 12:00:00,2021-09-01 12:00:00,2021-09-01 15:30:00,1,110378.0,110371.0,110093.2487034786,111089.8782413035,110086.2487034786,SL,-1.024582855584902,189.83419768093216,m30
USDJPY,2021-09-27 12:00:00,2021-09-27 12:00:00,2021-09-29 17:00:00,1,110920.0,110913.0,110607.96372534202,111700.09068664495,111693.09068664495,TP,2.477566710768909,208.0241831053189,m30
USDJPY,2021-10-06 08:00:00,2021-10-06 08:00:00,2021-10-06 13:00:00,1,111765.0,111758.0,111406.2551291972,112661.862177007,111399.2551291972,SL,-1.019512474099853,239.16324720186688,m30
USDJPY,2021-10-08 08:00:00,2021-10-08 08:00:00,2021-10-08 15:30:00,1,111932.0,111926.0,111604.05833559361,112751.85416101597,111597.05833559361,SL,-1.0213452597207178,218.6277762709271,m30
USDJPY,2021-10-11 08:00:00,2021-10-11 08:00:00,2021-10-12 15:30:00,1,112685.0,112678.0,112293.28154806196,113664.2961298451,113657.2961298451,TP,2.4821300223020604,261.1456346253604,m30
USDJPY,2021-10-12 16:00:00,2021-10-12 16:00:00,2021-10-14 00:00:00,1,113669.0,113661.0,113214.61304373,114804.96739067501,113207.61304373,SL,-1.0154053717946854,302.92463751333565,m30
USDJPY,2021-10-15 08:00:00,2021-10-15 08:00:00,2021-10-15 16:00:00,1,113973.0,113966.0,113592.5442690979,114924.13932725525,114440.0,FRIDAY,1.2274752673397635,253.63715393473316,m30
USDJPY,2021-11-16 16:00:00,2021-11-16 16:00:00,2021-11-17 19:30:00,1,114435.0,114425.0,114103.06871286288,115264.82821784279,114096.06871286288,SL,-1.0210887020032997,221.28752475807715,m30
USDJPY,2021-11-23 08:00:00,2021-11-23 08:00:00,2021-11-23 09:00:00,1,115118.0,115112.0,114703.58322706762,116154.04193233096,114696.58322706762,SL,-1.0168912082164652,276.2778486215902,m30
USDJPY,2021-12-15 16:00:00,2021-12-15 16:00:00,2021-12-17 05:30:00,1,113845.0,113838.0,113531.95206677137,114627.6198330716,113524.95206677137,SL,-1.0223607928913627,208.6986221524262,m30
USDJPY,2021-12-22 12:00:00,2021-12-22 12:00:00,2021-12-24 16:00:00,1,114299.0,114292.0,113964.02341631938,115136.44145920154,114362.0,FRIDAY,0.18807284768318966,223.31772245374498,m30
USDJPY,2021-12-27 12:00:00,2021-12-27 12:00:00,2021-12-31 16:00:00,1,114671.0,114664.0,114430.26917782018,115272.82705544954,115103.0,FRIDAY,1.7945354736391577,160.48721478654403,m30
USDJPY,2022-01-03 08:00:00,2022-01-03 08:00:00,2022-01-03 12:30:00,1,115317.0,115311.0,115097.71376971003,115865.21557572494,115090.71376971003,SL,-1.0319217489887176,146.1908201933168,m30
USDJPY,2022-01-04 12:00:00,2022-01-04 12:00:00,2022-01-05 11:00:00,1,115835.0,115828.0,115560.11521296915,116522.21196757714,115842.0,BE,0.025465214265255838,183.2565246872382,m30
USDJPY,2022-01-28 12:00:00,2022-01-28 12:00:00,2022-01-28 16:00:00,1,115623.0,115615.0,115210.25827438194,116654.85431404515,115321.0,FRIDAY,-0.7316924392554915,275.1611504120408,m30
USDJPY,2022-02-08 08:00:00,2022-02-08 08:00:00,2022-02-10 16:00:00,1,115467.0,115459.0,115117.6283076539,116340.42923086527,116333.42923086527,TP,2.4799640321372434,232.91446156407181,m30
USDJPY,2022-03-03 12:00:00,2022-03-03 12:00:00,2022-03-03 22:00:00,1,115792.0,115785.0,115410.9046526958,116744.73836826051,115403.9046526958,SL,-1.0183681066943344,254.0635648694698,m30
